Timestamp,Watts_Total,Watts_R,Watts_Y,Watts_B,VAR_Total,VAR_R,VAR_Y,VAR_B,True_PF_Avg,True_PF_R,True_PF_Y,True_PF_B,VA_Total,VA_R,VA_Y,VA_B,VLL_Avg,V_RY,V_YB,V_BR,VLN_Avg,V_R,V_Y,V_B,I_Total,I_R,I_Y,I_B,Frequency_Hz,Wh_Received,VAh_Received,VARh_Ind_Received,VARh_Cap_Received,Wh_Delivered,VAh_Delivered,VARh_Ind_Delivered,VARh_Cap_Delivered,PF_Avg_Received,Amps_Hour_Received,PF_Avg_Delivered,Amps_Hour_Delivered,Neutral_I,V_R_Harmonic,V_Y_Harmonic,V_B_Harmonic,I_R_Harmonic,I_Y_Harmonic,I_B_Harmonic,Rising_Demand,Max_Demand,Rising_Demand_Delivered,Displacement_PF_R,Max_Demand_Delivered,Displacement_PF_B,RPM,Load_Hours_Received,Load_Hours_Delivered,Num_Interruptions,MD_Occurrence_Time,V_R_Phase_Angle,V_Y_Phase_Angle,V_B_Phase_Angle,I_R_Phase_Angle,I_Y_Phase_Angle,I_B_Phase_Angle,V_Unbal_R,V_Unbal_Y,V_Unbal_B,I_Unbal_R,I_Unbal_Y,I_Unbal_B,Analog_Input_1,Analog_Input_2,VLL_Max,VLL_Min,VLN_Max,VLN_Min,Amps_Max,Amps_Min,Frequency_Max,Frequency_Min,Watts_Max,Watts_Min,VAR_Max,VAR_Min,VA_Max,VA_Min,PF_Max,PF_Min,V_R_THD_Pct,V_Y_THD_Pct,V_B_THD_Pct,I_R_THD_Pct,I_Y_THD_Pct,I_B_THD_Pct,K_Factor_V_R,K_Factor_V_Y,K_Factor_V_B,K_Factor_I_R,K_Factor_I_Y,K_Factor_I_B,PiTempC,PiCpuPct,PiMemPct,PiDiskPct,PiUptimeHrs,PiThrottled,PiDiskFull
2026-05-19 16:35:19,123510.3359,47684.2656,39459.0859,35828.0078,-23183.4043,-4728.6357,-12692.3359,-6344.1948,0.9646,0.9851,0.9379,0.9684,122562.1562,46923.7695,41943.4375,36340.8398,420.3466,422.2484,419.7728,418.9112,242.6458,243.177,243.358,241.3894,166.1248,193.8707,159.7336,143.8816,49.9913,82950.875,83345.4375,151.689,-5532.9409,0,0,0,0,0.9953,118.2016,0,0,29.5945,1.0403,1.1598,1.1632,10.3064,14.9189,15.1153,0,0,0.999,-0.9974,0.9951,0.999,1499.8258,186122240,0,0,0,0,237.1652,117.48,5.847,-8.725,4.8246,-0.212,-0.2737,0.495,-18.7435,4.2792,14.2537,0,0,422.7106,235.3525,250.703,219.3341,284.4715,0.0108,50.1582,49.3482,188810.375,16.7429,-29932.0352,-0.0259,188838.8125,17.2245,0.999,-0.8164,1.0994,1.2385,1.3527,10.071,15.263,14.4661,1.0007,1.0043,1.0026,1.5405,1.8692,1.9118,,,,,,,
2026-05-19 16:37:40,121690.8906,48134.9297,41253.5234,34323.0195,-18785.4316,-2172.5889,-11315.54,-4253.5908,0.975,0.9909,0.9453,0.9685,126884.6641,48485.543,43347.5117,35059.3008,419.8002,421.6265,419.335,418.431,242.3527,242.8796,243.0737,241.1185,175.947,204.5256,181.4021,149.1094,49.9753,87665.0547,88089.2266,186.0667,-5946.7573,0,0,0,0,0.9952,124.8361,0,0,0.0,0.9706,1.1614,1.1685,12.1371,16.8166,17.4765,0,0,0.9878,0.999,0.9606,0.9911,1499.4722,195362816,0,0,0,0,245.5143,120.6814,-2.5625,-14.1676,-7.0619,-0.1272,-0.2459,0.3853,-14.9601,-2.305,16.4109,0,0,422.7822,235.3525,250.703,219.3341,284.4715,0.0108,50.1582,49.3482,188810.375,16.7429,-29932.0352,-0.0259,188838.8125,17.2245,0.999,-0.8164,1.2813,1.2862,1.3112,10.4854,14.2077,15.2647,1.0038,1.0043,1.0041,1.4594,3.9038,1.9623,,,,,,,
2026-05-19 16:40:01,150384.2031,56557.6992,51221.1094,43025.2422,7271.2046,6654.9053,-2504.313,3610.8931,-0.9926,-0.9898,0.9966,-0.9902,151160.1094,57482.7227,49913.9062,41665.5938,419.6964,421.5041,419.1264,418.4434,242.3153,242.811,242.9895,241.1072,202.8459,228.1322,206.3535,173.0302,49.9224,92795.0312,93274.8438,717.6363,-6041.8071,0,0,0,0,0.9949,132.0719,0,0,0.0,1.1326,0.8201,1.3068,6.25,9.4323,10.2147,0,0,0.999,-0.9944,0.9969,-0.9973,1497.5674,204603392,0,0,0,0,241.8409,120.2331,5.6127,-4.7223,4.3519,-0.1489,-0.2506,0.3953,-14.1616,-0.8634,14.5304,0,0,422.7822,235.3525,250.703,219.3341,284.4715,0.0108,50.1582,49.3482,188810.375,16.7429,32838.25,-0.0259,188838.8125,17.2245,0.999,-0.8164,1.2795,0.9996,1.0708,10.4167,9.4121,10.1345,1.0016,1.0009,1.0013,1.4917,1.705,2.011,,,,,,,
2026-05-19 16:42:22,119217.0078,47229.875,39747.5938,33057.5664,-18734.2129,-1932.6855,-11774.2568,-4286.9072,0.971,0.991,0.9471,0.9736,126454.1953,48806.9883,42047.8203,33591.8398,420.3898,422.1051,419.8605,419.2243,242.7771,243.2256,243.4454,241.6947,171.0099,195.7067,179.8458,146.1091,49.9036,97649.3281,98160.3047,777.8038,-6458.7432,0,0,0,0,0.9948,138.8451,0,0,27.0817,1.6275,0.9199,1.4332,11.6922,18.5633,16.0031,0,0,0.9902,0.999,0.964,0.9905,1496.8682,213843968,0,0,0,0,241.5521,120.3583,-2.5625,-15.3051,-7.8699,-0.1496,-0.1837,0.3156,-14.9238,-3.5165,17.6433,0,0,423.6816,235.3525,250.703,219.3341,284.4715,0.0108,50.1582,49.3482,188810.375,16.7429,32838.25,-0.0259,188838.8125,17.2245,0.0,-0.8164,1.6623,1.1549,1.4331,11.2907,15.3373,18.295,1.0033,1.0061,1.0018,1.4385,1.9575,2.0955,,,,,,,
2026-05-19 16:44:43,130081.5469,46230.4844,35849.8438,35428.0312,15228.8486,5538.4702,2094.4346,9032.126,-0.982,-0.9884,-0.9906,-0.9676,118376.2891,46488.7383,35984.5039,36226.2188,420.9906,422.8939,420.5668,419.6183,243.1719,243.6724,243.7074,242.0301,165.9047,193.8687,146.1707,148.5748,49.8897,102305.1406,102855.9844,1022.3398,-6786.9976,0,0,0,0,0.9946,145.407,0,0,0.0,1.6561,0.816,1.6908,9.1601,11.6182,11.0005,0,0,-0.9909,-0.9911,-0.9985,-0.9712,1496.8362,223084544,0,0,0,0,241.8938,120.8042,7.5244,3.3927,14.9035,-0.2433,-0.3586,0.7321,-17.4586,9.1308,8.3278,0,0,424.6748,235.3525,250.703,219.3341,284.4715,0.0108,50.1582,49.3482,188810.375,16.7429,32838.25,-0.0259,188838.8125,17.2245,0.999,-0.8164,1.2036,0.724,1.2191,9.0382,11.2865,14.6591,1.0033,1.0009,1.0013,1.3425,1.6802,1.5276,,,,,,,
2026-05-19 16:47:04,161537.0781,58587.2422,52395.4727,43940.2578,-22652.4824,-2252.5815,-13257.2061,-6118.3896,0.9801,0.9945,0.9554,0.9817,154619.8281,57990.9805,53384.7266,43632.2812,421.4554,423.4875,421.0288,419.9402,243.3829,243.9216,244.3098,242.1678,213.6767,237.6923,221.8404,181.4828,49.9629,107795.7266,108373.6797,1340.8738,-6971.1362,0,0,0,0,0.9947,153.0322,0,0,26.2461,1.0983,1.0114,1.2228,6.25,8.1081,13.2629,0,0,0.9901,0.999,0.9718,0.9914,1499.0325,232325120,0,0,0,0,241.0561,119.8716,-2.7971,-15.0873,-7.861,-0.2079,-0.3445,0.5396,-11.9998,-2.9813,14.3317,0,0,424.6748,235.3525,250.703,219.3341,284.4715,0.0108,50.1582,49.3482,188810.375,16.7429,32838.25,-0.0259,188838.8125,17.2245,0.999,-0.8164,1.4558,1.1551,1.218,6.1224,10.5263,12.8692,1.0006,1.007,1.0009,1.6026,2.0732,1.5657,,,,,,,
2026-05-19 16:49:25,104518.4219,42243.1172,34494.3594,27022.1719,1038.4575,5615.7993,-4116.5503,2680.5188,-0.983,-0.9856,0.9785,-0.987,103340.5938,42245.0508,34482.2305,27009.3477,422.2837,424.4352,422.203,420.332,243.6591,244.34,244.6578,242.0368,140.7586,169.9061,141.7584,114.6823,49.9502,113498.7031,114121.3438,1369.6604,-7200.3159,0,0,0,0,0.9948,160.9172,0,0,26.4399,0.8415,0.5909,1.1322,10.9708,15.5966,17.9069,0,0,0.999,-0.9945,0.9829,0.999,1498.5258,241631232,0,0,0,0,241.4209,121.9244,6.551,-10.1868,2.783,-0.1593,-0.2904,0.4497,-22.2086,1.0333,19.526,0,0,424.6748,235.3525,250.703,219.3341,284.4715,0.0108,50.1582,49.3482,188810.375,16.7429,32838.25,-0.0259,188838.8125,17.2245,0.999,-0.8164,1.2473,0.5563,1.1668,12.6846,15.0094,16.4725,1.0002,1.0011,1.0013,1.4774,1.9379,2.3914,,,,,,,
2026-05-19 16:51:46,116639.875,47076.8945,35131.7852,28809.627,2217.2288,5380.1172,-4755.854,1939.5629,-0.9837,-0.9874,0.983,-0.9859,105478.875,42775.0938,34948.2305,28791.8555,422.8037,424.875,422.459,421.324,244.2139,244.7008,244.9103,243.0252,142.1304,177.6458,147.8097,121.1823,49.9188,117724.7031,118366.0625,1404.6562,-7447.8501,0,0,0,0,0.9948,166.8318,0,0,25.4442,1.2601,0.912,1.4123,9.6814,12.9866,13.8754,0,0,-0.9986,-0.9897,0.9946,-0.9939,1497.271,250871808,0,0,0,0,241.5241,120.9858,7.4236,-6.335,5.7178,-0.1279,-0.2836,0.7368,-20.5447,1.5625,19.171,0,0,424.9443,235.3525,250.703,219.3341,284.4715,0.0108,50.1582,49.3482,188810.375,16.7429,32838.25,-0.0259,188838.8125,17.2245,0.999,-0.8164,1.676,0.8155,1.5244,7.5902,12.0597,12.859,1.0076,1.0036,1.0017,1.2801,1.7353,1.9236,,,,,,,
2026-05-19 16:54:08,101743.0781,42652.0039,29838.1445,29803.9258,15260.7217,5975.9736,1261.4961,8691.9932,-0.9687,-0.9793,-0.9823,-0.9555,103099.1094,42187.4531,29921.2637,30475.6699,422.6415,424.2124,422.5479,420.7597,243.6534,244.3169,244.6672,242.1083,140.815,170.6149,119.6827,126.495,49.9251,121804.8594,122613.3047,2483.5579,-7447.8501,0,0,0,0,0.9936,172.7018,0,0,28.2704,1.3282,1.0121,1.4711,11.2415,14.1419,13.5605,0,0,-0.9856,-0.9883,-0.9987,-0.9588,1497.8961,260112384,0,0,0,0,241.4704,119.9604,8.1723,3.6659,16.1542,-0.1469,-0.2191,0.3714,-21.4473,13.336,8.4884,0,0,424.9443,235.3525,250.703,219.3341,284.4715,0.0108,50.1582,49.3482,188810.375,16.7429,47725.9883,-0.0259,188838.8125,17.2245,0.999,-0.8164,1.3758,0.913,1.4599,12.6313,15.9366,15.0395,1.0006,1.0031,1.0012,1.5073,2.1139,1.8778,,,,,,,
2026-05-19 16:56:29,136070.6875,52969.7344,45225.0234,37283.1562,-20364.6562,-1062.7184,-12627.1816,-5117.3706,0.9786,0.9959,0.957,0.9804,135091.5469,52380.2461,46348.9375,37173.8047,424.8749,426.6474,424.3862,423.8125,245.2872,245.7688,245.8409,244.1289,184.0957,214.7953,190.5483,155.8462,49.9443,126295.9375,127145.125,2694.4116,-7696.2495,0,0,0,0,0.9936,179.0034,0,0,0.0,1.3593,1.1346,1.1505,9.5142,12.8245,17.4874,0,0,0.9871,0.9987,0.9557,0.9841,1498.4133,269352960,0,0,0,0,240.2058,120.1088,-3.9707,-16.0422,-9.089,-0.2084,-0.2653,0.4757,-13.4199,-1.2926,15.3879,0,0,426.9864,235.3525,250.703,219.3341,284.4715,0.0108,50.1582,49.3482,188810.375,16.7429,47725.9883,-0.0259,188838.8125,17.2245,0.999,-0.8164,1.0222,1.2127,1.0722,6.6667,12.4899,13.7716,1.0055,1.005,1.0009,1.724,1.8085,1.8741,,,,,,,
2026-05-19 16:58:53,130258.4766,44641.9922,34597.8633,34847.7578,39527.9102,13064.0625,9293.1387,16444.3555,-0.9321,-0.9508,-0.9517,-0.9382,116725.25,46538.1523,30108.75,31993.127,424.4371,425.9451,423.4869,423.8689,245.3679,245.4968,246.4989,243.9305,151.66,181.7828,130.6693,137.3098,49.9107,130780.8125,131728.3594,3578.2148,-7780.5107,0,0,0,0,0.9928,185.2917,0,0,28.1956,1.4234,0.8893,1.1551,11.0293,15.447,30.9322,0,0,-0.9919,-0.9933,0.999,-0.9662,1497.4723,278790144,0,0,0,0,242.9655,121.3818,6.3447,2.5625,15.9272,-0.1672,-0.311,0.4894,-20.4519,14.0213,9.127,0,0,428.1909,235.3525,250.703,219.3341,284.4715,0.0108,50.1582,49.3482,188810.375,16.7429,53492.0625,-0.0259,188838.8125,17.2245,0.999,-0.8164,1.0095,0.9333,1.0637,9.6306,13.3445,13.2825,1.0007,1.8546,1.0021,1.5019,2.0227,1.7043,,,,,,,
2026-05-19 17:01:14,109455.8984,43986.5391,36634.7148,30881.5117,395.3685,4886.2207,-4837.4751,878.9952,-0.985,-0.9906,0.9818,-0.9744,104258.2656,42450.9531,35091.0469,28151.8633,425.3849,427.3814,424.8462,424.338,246.0272,246.3043,246.516,244.2956,154.9437,183.5327,145.2707,120.8703,50.0126,134861.6875,135829.0312,3896.5569,-7782.6572,0,0,0,0,0.9929,190.98,0,0,24.1701,0.6018,1.2849,1.2675,11.7268,16.2201,17.3674,0,0,0.999,-0.9934,0.9842,0.999,1500.8369,288030720,0,0,0,0,242.7035,121.1193,6.8784,-8.5235,3.4532,-0.2354,-0.3393,0.5674,-17.577,0.8896,16.6874,0,0,428.1909,235.3525,250.703,219.3341,284.4715,0.0108,50.1582,49.3482,188810.375,16.7429,53492.0625,-0.0259,188838.8125,17.2245,0.999,-0.8164,1.0924,1.0735,1.1799,12.5699,17.7891,18.45,1.0023,1.0029,1.0016,1.6421,2.4891,2.603,,,,,,,
2026-05-19 17:03:35,123363.1328,46960.2109,38445.7773,32633.0137,-20755.7285,-2705.6951,-12868.4434,-5195.4346,0.9692,0.9921,0.9395,0.9817,120246.1641,47326.7148,41524.9609,34056.4453,428.8886,430.2012,429.1954,427.094,247.5537,247.8429,248.0553,246.8133,167.58,197.614,171.3248,141.3899,50.0644,139110.1562,140099.2656,3924.043,-8027.6655,0,0,0,0,0.9929,196.8843,0,0,24.6588,0.9361,1.2808,1.3405,11.6057,14.8509,14.8443,0,0,0.9851,0.9974,0.9458,0.9873,1501.9044,297271296,0,0,0,0,240.6949,120.9292,-2.5667,-17.0703,-8.0629,-0.1859,-0.1345,0.3192,-16.0459,-1.1962,17.2421,0,0,431.1244,235.3525,250.703,219.3341,284.4715,0.0108,50.1582,49.3482,188810.375,16.7429,53492.0625,-0.0259,188838.8125,17.2245,0.999,-0.8164,0.7271,1.577,1.0588,9.5042,14.3906,17.0938,1.0006,1.0046,1.0017,1.4191,1.8103,3.3624,,,,,,,
2026-05-19 17:05:56,150265.2031,58493.3203,51113.0742,46546.2188,4390.7456,6467.1411,-4555.5107,1995.2893,-0.9931,-0.9942,0.9894,-0.9953,153904.25,59112.2148,52284.3633,44708.2461,422.4823,424.3819,421.6463,421.1785,243.8453,244.5784,244.5132,242.5308,220.3684,253.5424,229.96,195.6376,50.035,144542.9062,145584.4688,3963.7451,-8140.1011,0,0,0,0,0.9931,204.4217,0,0,0.0,0.4317,1.2125,1.2107,6.25,10.3479,12.4815,0,0,0.9918,0.999,0.9729,0.9956,1500.7693,306577408,0,0,0,0,240.0213,116.5237,-2.5625,-14.8744,-7.2657,-0.2979,-0.1468,0.4447,-11.6245,-1.7963,13.8511,0,0,431.1244,235.3525,250.703,219.3341,284.4715,0.0108,50.1582,49.3482,188810.375,16.7429,53492.0625,-0.0259,188838.8125,17.2245,0.999,-0.8164,0.9236,1.4095,1.3176,8.5723,14.6341,13.4708,1.0058,1.0057,1.003,1.0861,0.9896,2.0175,,,,,,,
2026-05-19 17:08:17,155779.5312,58797.1875,52091.8164,44885.668,-20702.543,-1177.1626,-13072.457,-5440.4678,0.9765,0.9931,0.9773,0.9909,173307.8438,59996.5781,53862.5078,36282.7773,422.8214,424.796,422.3787,421.4788,244.3332,244.7625,244.9334,243.3064,168.5693,199.9721,166.1215,141.097,49.9781,150704.25,151792.25,3966.6838,-8938.207,0,0,0,0,0.9931,212.9569,0,0,27.1369,1.1225,0.8993,1.1588,8.8374,12.8915,13.7475,0,0,-0.9989,-0.9924,0.9941,-0.9927,1499.2837,315817984,0,0,0,0,242.2816,121.3506,8.3582,-5.4518,6.4715,-0.0552,-0.2877,0.3429,-19.5105,2.2097,17.0737,0,0,431.1244,235.3525,250.703,219.3341,284.4715,0.0108,50.1582,49.3482,188810.375,16.7429,53492.0625,-0.0259,188838.8125,17.2245,0.999,-0.8164,0.9241,1.1631,1.2957,9.5322,13.1441,15.9031,1.0015,1.0082,1.0022,1.3387,1.5319,1.8436,,,,,,,
2026-05-19 17:10:38,125561.4453,46952.4609,44624.0938,36477.6445,-5409.5176,4613.5532,-6731.4082,-4408.3604,0.9811,-0.9876,0.98,0.9781,131783.25,48289.1328,46094.0977,36181.8398,423.1576,424.9263,422.8698,421.8571,244.3706,244.772,245.1966,243.2847,168.4786,187.0812,183.6459,146.7504,49.9744,155581.4531,156749.2656,4813.8672,-8987.0371,0,0,0,0,0.9926,219.8471,0,0,28.9742,0.9293,1.1636,1.5306,9.549,11.7735,13.9903,0,0,0.999,-0.9955,0.9899,0.9914,1499.2189,325058560,0,0,0,0,241.1341,120.4324,4.8513,-8.2507,-6.465,-0.1304,-0.3052,0.4356,-11.8393,-4.4426,15.2217,0,0,431.1244,235.3525,250.703,219.3341,284.4715,0.0108,50.1582,49.3482,188810.375,16.7429,53492.0625,-0.0259,188838.8125,17.2245,0.999,-0.8164,0.863,1.1315,0.9753,9.5766,13.5161,15.6245,1.0009,1.0009,1.844,1.4137,1.6862,3.9719,,,,,,,
2026-05-19 17:13:00,127916.2188,47670.0156,44086.3789,35402.3242,-7072.0898,3982.384,-6567.3584,-4693.061,0.9868,-0.9925,0.9838,0.9772,125842.7422,46714.4531,44342.0508,34880.9883,424.2054,425.9693,424.0801,422.4388,244.8865,245.0537,245.7731,243.6773,169.3913,187.3661,177.0334,144.0305,49.979,160523.3281,161730.7656,4813.8672,-9221.874,0,0,0,0,0.9927,226.6794,0,0,31.4385,0.9335,1.1551,1.056,10.0355,12.2856,15.5958,0,0,0.999,-0.9935,0.9926,0.9957,1499.4218,334299136,0,0,0,0,239.8943,120.9133,5.0416,-8.0309,-7.1292,-0.1124,-0.3578,0.4818,-11.2092,-4.8468,15.266,0,0,431.1244,235.3525,250.703,219.3341,284.4715,0.0108,50.1582,49.3482,188810.375,16.7429,53492.0625,-0.0259,188838.8125,17.2245,0.999,-0.8164,0.8518,1.1549,1.0899,10.2343,12.464,15.0851,1.0001,1.0004,1.0026,1.6283,1.7285,2.2638,,,,,,,
2026-05-19 17:15:21,129273.5078,51292.6523,41892.6797,36248.1836,-21015.3535,-2550.0127,-13697.8857,-4627.1772,0.9811,0.9966,0.9628,0.988,167520.875,63939.9258,55233.8359,46771.4648,424.5888,426.7089,424.0784,423.015,245.1766,245.6379,246.1307,243.8764,225.5995,253.9518,227.9666,194.947,50.021,165552.8281,166761.6719,4813.8672,-9772.1699,0,0,0,0,0.9928,233.6781,0,0,27.8007,1.1877,1.2823,1.1642,8.005,10.5263,12.0506,0,0,0.994,0.999,0.974,0.9973,1500.6238,343539712,0,0,0,0,244.9844,123.8963,-2.5625,-13.6468,-4.9458,-0.1948,-0.2889,0.485,-11.5722,-1.2342,13.8144,0,0,431.1244,235.3525,250.703,219.3341,284.4715,0.0108,50.1582,49.3482,188810.375,16.7429,53492.0625,-0.0259,188838.8125,17.2245,0.999,-0.8164,1.0238,1.2776,0.8995,0.0,10.5263,11.3708,1.001,1.0013,1.0024,1.7188,1.7662,1.7224,,,,,,,
2026-05-19 17:17:42,123501.6641,48336.2148,40173.4297,34625.6875,-20572.8398,-2751.8296,-12546.4658,-5075.0581,0.9735,0.9925,0.9376,0.9792,117805.5625,46345.0547,42277.0859,35324.9258,424.942,427.0927,424.6696,422.9922,245.312,245.5792,246.2669,243.9238,176.0745,201.7077,171.8499,145.5177,50.0031,171088.4688,172352.6406,4813.8672,-10547.2363,0,0,0,0,0.9927,241.3289,0,0,0.0,1.088,1.3165,1.4728,10.2781,14.0293,16.828,0,0,0.9972,0.999,0.987,0.9882,1500.5514,352780288,0,0,0,0,246.7892,118.8524,3.0871,-8.7098,-7.5117,-0.1982,-0.2269,0.4155,-8.0297,-5.4722,13.4376,0,0,431.1244,235.3525,250.703,219.3341,284.4715,0.0108,50.1582,49.3482,188810.375,16.7429,53492.0625,-0.0259,188838.8125,17.2245,0.999,-0.8164,0.8376,1.2328,1.303,10.513,13.7565,15.9729,1.0009,1.0047,1.0032,1.5396,1.6458,2.0204,,,,,,,
2026-05-19 17:20:03,126702.7031,46427.3867,40866.3477,38764.4766,-20096.5059,-4218.5029,-8834.0488,-6880.689,0.9782,0.9889,0.9687,0.9752,133629.5156,48509.1016,44451.6641,41405.6172,424.1164,425.9165,423.7235,422.5437,244.8279,245.1994,245.6175,243.5964,179.5237,194.2229,174.3057,166.7527,49.9449,175986.75,177322.5,4813.8672,-11294.6934,0,0,0,0,0.9925,248.2496,0,0,25.5036,1.3273,1.1582,1.3313,12.9668,15.9796,15.705,0,0,0.9915,0.9967,0.977,0.9848,1498.6377,362020864,0,0,0,0,241.7585,121.215,-4.7798,-11.6407,-9.5821,-0.1808,-0.3019,0.4792,-8.8416,2.1016,6.7401,0,0,431.1244,235.3525,250.703,219.3341,284.4715,0.0108,50.1582,49.3482,188810.375,16.7429,53492.0625,-0.0259,188838.8125,17.2245,0.999,-0.8164,1.0204,1.141,1.0719,12.2387,14.3884,14.8041,1.0037,1.0043,1.0057,4.553,2.0201,1.9794,,,,,,,
2026-05-19 17:22:25,121118.3984,45105.8672,42891.0234,34331.4297,-7178.4131,3511.3115,-6541.4258,-4416.3159,0.9849,-0.9905,0.9776,0.9774,120986.9297,44794.9531,43741.5,35256.0469,423.8858,425.6385,423.5335,422.4222,244.729,245.1212,245.5544,243.495,168.6983,183.3721,181.7298,147.6042,49.9333,180866.0312,182221.8125,4905.3765,-11562.9863,0,0,0,0,0.9926,254.9362,0,0,27.4585,1.4144,0.9086,0.9799,9.8319,13.1021,15.0426,0,0,0.9985,-0.9972,0.988,0.992,1497.7913,371326976,0,0,0,0,241.2544,120.5201,2.5625,-11.1899,-6.4313,-0.0481,-0.2009,0.2422,-8.8514,-4.8576,14.169,0,0,431.1244,235.3525,250.703,219.3341,284.4715,0.0108,50.1582,49.3482,188810.375,16.7429,53492.0625,-0.0259,188838.8125,17.2245,0.999,-0.8164,1.4286,1.187,1.3491,9.4668,12.1296,14.3595,1.0016,1.0028,1.001,1.5077,1.7463,2.0017,,,,,,,
2026-05-19 17:24:46,123487.0391,45885.5508,43865.7617,34936.0508,-6521.1704,4176.5938,-6482.3403,-4127.7544,0.978,-0.9866,0.9759,0.9715,106764.9062,40520.8789,38033.375,29482.5918,424.417,425.9924,424.6272,422.5719,245.1763,245.0212,245.8554,242.8932,149.7617,169.6068,159.7648,126.1692,49.9132,185724.1094,187088.0938,4905.3765,-11839.8477,0,0,0,0,0.9927,261.6883,0,0,27.0802,1.2776,0.9045,1.4605,10.8922,13.7178,17.1036,0,0,0.9973,-0.9959,0.9859,0.993,1497.2653,380567552,0,0,0,0,241.6431,120.5193,4.941,-9.4109,-8.3026,-0.1497,-0.3578,0.5187,-10.6931,-5.4293,16.1224,0,0,431.1244,235.3525,250.703,219.3341,284.4715,0.0108,50.1582,49.3482,188810.375,16.7429,53492.0625,-0.0259,188838.8125,17.2245,0.999,-0.8164,1.4094,1.1539,1.5297,9.2483,14.7173,17.7909,1.0004,1.0059,1.0019,1.1111,1.7059,1.7727,,,,,,,
2026-05-19 17:27:07,119014.4219,39160.6328,36940.1367,32384.5957,-6297.1992,4369.2788,-5923.2012,-3615.4883,0.9815,-0.9878,0.9816,0.9777,116842.5312,44981.3906,42330.7773,33602.75,424.3014,426.232,423.6937,422.8218,244.9852,245.3194,245.6278,243.718,161.6771,178.8434,166.7072,133.7965,49.9622,190715.5312,192085.5938,4905.3765,-12080.2852,0,0,0,0,0.9929,268.6113,0,0,27.3645,1.2293,0.989,1.0903,11.9311,14.9856,18.1992,0,0,0.9982,-0.9946,0.9889,0.9919,1498.9838,389808128,0,0,0,0,242.7569,120.7587,5.9122,-8.6296,-7.8489,-0.2119,-0.2969,0.512,-9.9981,-4.8823,14.8804,0,0,431.1244,235.3525,250.703,219.3341,284.4715,0.0108,50.1582,49.3482,188810.375,16.7429,53492.0625,-0.0259,188838.8125,17.2245,0.999,-0.8164,1.1005,1.1501,1.3674,11.897,15.1111,19.6921,1.0005,1.0064,1.0017,1.8737,2.2896,2.913,,,,,,,
2026-05-19 17:29:28,109963.4297,41890.3555,38304.5781,30329.7227,-10437.0352,2685.0129,-7519.373,-5478.7192,0.9714,-0.9891,0.9655,0.9527,107974.6719,40704.0391,38559.3477,30263.4785,425.1789,426.9224,424.6682,424.0075,245.5134,245.9706,246.1891,244.1855,149.6962,166.1284,156.8838,125.1223,50.0361,195027.5625,196410.7031,4905.3765,-12406.5898,0,0,0,0,0.993,274.5947,0,0,28.6963,0.914,1.414,1.2798,12.8622,15.9129,20.1936,0,0,0.991,0.999,0.9632,0.9539,1500.9778,399048704,0,0,0,0,242.9289,120.2287,2.5625,-9.7589,-7.5449,-0.1909,-0.3446,0.5316,-19.6675,0.8207,18.8468,0,0,431.1244,235.3525,250.703,219.3341,284.4715,0.0108,50.1582,49.3482,188810.375,16.7429,53492.0625,-0.0259,188838.8125,17.2245,0.999,-0.8164,1.2171,1.4765,1.3003,13.2713,18.1266,18.586,1.0044,1.0074,1.0027,1.71,2.4501,2.688,,,,,,,
2026-05-19 17:31:50,102331.9219,37749.3945,36684.8477,30167.793,-8025.3096,3808.7051,-5729.5713,-4518.1631,0.9757,-0.9842,0.9805,0.9743,127110.4297,40472.7656,39629.0117,32210.918,425.6936,427.4756,425.5264,424.2715,245.8699,246.2143,246.677,244.7675,153.4991,160.81,157.3732,123.6357,50.0315,199361.9688,200828.0781,4905.6455,-13059.6934,0,0,0,0,0.9928,280.6871,0,0,29.4767,1.001,1.5372,1.4341,13.8558,17.3328,20.4827,0,0,0.9981,-0.9961,0.9882,0.9879,1501.2444,408354816,0,0,0,0,242.2228,121.2928,5.1716,-9.8138,-8.0224,-0.066,-0.2513,0.3173,-10.8443,-4.2707,15.1678,0,0,431.1244,235.3525,250.703,219.3341,284.4715,0.0108,50.1582,49.3482,188810.375,16.7429,53492.0625,-0.0259,188838.8125,17.2245,0.999,-0.8164,1.1598,1.4847,1.5561,12.5691,14.661,18.5305,1.001,1.0048,1.0032,1.6817,1.9876,2.3757,,,,,,,
2026-05-19 17:34:11,109341.1328,40027.6758,37447.5586,29965.0527,-9448.1318,2890.8757,-6628.6919,-4297.0269,0.9773,-0.9912,0.9722,0.9692,108655.9453,42955.5469,38324.25,30084.7031,426.4655,428.3805,425.9409,425.1887,246.1819,246.5186,247.0443,244.7053,151.9855,168.4739,158.0014,126.5076,50.026,203754.4844,205201.4219,4905.6455,-13340.0566,0,0,0,0,0.993,286.7808,0,0,28.7083,0.5634,1.0653,1.144,12.4145,15.5023,18.4099,0,0,0.9978,-0.9937,0.9863,0.9972,1500.5658,417595392,0,0,0,0,244.0916,123.442,9.095,-8.6691,-6.1472,-0.1466,-0.3661,0.5198,-9.9636,-5.6641,15.6277,0,0,431.1244,235.3525,250.703,219.3341,284.4715,0.0108,50.1582,49.3482,188810.375,16.7429,53492.0625,-0.0259,188838.8125,17.2245,0.999,-0.8164,0.9133,1.3936,1.3418,14.3126,15.6428,19.4133,1.0007,1.0012,1.0031,1.8109,2.0724,2.3954,,,,,,,
2026-05-19 17:36:33,148802.0,53556.5508,52307.8945,42604.3281,-11117.0674,3471.4446,-8041.4272,-6299.9302,0.988,-0.9948,0.9825,0.9809,155977.8438,53407.6367,53599.5625,42305.7266,427.578,429.4249,427.0533,426.0381,246.8325,247.287,247.6037,245.6934,194.3977,216.773,209.4546,173.5561,49.9638,208549.5781,210050.7969,4905.6455,-13653.29,0,0,0,0,0.9931,293.4524,0,0,27.7434,1.1549,0.9215,1.4368,9.5242,11.6944,20.8505,0,0,0.9961,-0.9969,0.9769,0.9805,1498.7301,426901504,0,0,0,0,241.0709,120.2698,3.3027,-12.5171,-10.7677,-0.1673,-0.3145,0.4807,-9.4428,-5.3222,14.783,0,0,431.1244,235.3525,250.703,219.3341,284.4715,0.0108,50.1582,49.3482,188810.375,16.7429,53492.0625,-0.0259,188838.8125,17.2245,0.999,-0.8164,1.1477,1.3387,1.0905,12.6651,15.3945,32.3013,1.0066,1.0071,1.0025,1.7344,2.0101,2.4763,,,,,,,
2026-05-19 17:38:54,110126.0938,40612.3164,38787.043,31532.2344,-12685.1699,3543.8052,-7686.1646,-5520.7241,0.9719,-0.988,0.9641,0.9624,114493.8047,43014.3789,41745.3125,33943.0977,427.1959,428.97,426.8477,425.7311,246.3483,246.8091,247.4768,244.7504,155.9699,164.5447,155.6024,124.7617,49.9421,213045.8438,214558.5938,4905.6455,-14110.1309,0,0,0,0,0.9931,299.636,0,0,30.1497,1.4771,1.1485,1.2664,11.9841,15.6274,17.1596,0,0,0.9946,-0.9987,0.9791,0.984,1498.0657,436142080,0,0,0,0,240.3106,120.6212,3.3561,-10.8097,-9.5534,-0.1515,-0.3252,0.4767,-10.8648,-4.151,15.5843,0,0,431.1244,235.3525,250.703,219.3341,284.4715,0.0108,50.1582,49.3482,188810.375,16.7429,53492.0625,-0.0259,188838.8125,17.2245,0.999,-0.8164,1.3894,1.33,1.619,12.3157,15.7896,17.8761,1.0019,1.0042,1.0039,1.7205,2.0805,2.6429,,,,,,,
2026-05-19 17:41:15,112737.1016,42212.4648,38855.6523,31172.6211,-13713.0088,1423.2578,-8369.5156,-6518.8813,0.9761,-0.9909,0.9644,0.9578,112304.5938,41904.2656,43216.332,35056.8516,426.6505,428.7262,426.243,425.0656,246.3585,246.8314,247.3127,245.1945,159.0358,173.9345,164.2235,134.4835,49.9512,217568.75,219078.0469,4905.6455,-14610.5078,0,0,0,0,0.9931,305.905,0,0,31.9536,1.3044,1.3102,1.31,11.7467,15.3574,18.1207,0,0,0.9938,0.999,0.9766,0.9788,1498.5132,445382656,0,0,0,0,243.2483,121.2211,2.6342,-12.2115,-10.9608,-0.1273,-0.3702,0.507,-9.4288,-4.4853,13.9141,0,0,431.1244,235.3525,250.703,219.3341,284.4715,0.0108,50.1582,49.3482,188810.375,16.7429,53492.0625,-0.0259,188838.8125,17.2245,0.999,-0.8164,1.306,1.1925,1.4872,12.73,16.0026,18.2843,1.0036,1.0073,1.0084,1.825,2.2076,2.6179,,,,,,,
2026-05-19 17:43:37,127807.5781,47216.7461,43646.8984,35927.125,-14222.7256,1767.3333,-8671.0234,-6424.9688,0.975,-0.9909,0.9645,0.9731,139168.5781,48455.6953,46283.7227,38111.293,429.6793,431.7253,429.4119,428.0121,248.1192,248.5193,249.158,246.9086,0.0,195.111,182.1105,152.0934,49.9806,222430.4688,223970.9375,4905.6455,-15159.4971,0,0,0,0,0.9931,312.6324,0,0,32.3597,1.3738,1.489,1.7737,11.8355,14.1611,15.8451,0,0,0.9975,0.999,0.9823,0.9833,1499.4744,454623232,0,0,0,0,238.0869,123.8219,3.625,-10.9744,-8.8808,-0.1211,-0.3924,0.5151,-9.8358,-3.9879,13.8236,0,0,432.2727,235.3525,250.703,219.3341,284.4715,0.0108,50.1582,49.3482,188810.375,16.7429,53492.0625,-0.0259,188838.8125,17.2245,0.999,-0.8164,1.3929,1.4829,1.5275,12.9362,16.1625,18.6709,1.0019,1.0054,1.0063,1.4581,1.798,2.0181,,,,,,,
2026-05-19 17:45:58,126230.0234,45991.1797,44045.1836,35510.6484,-38656.0898,-7096.1377,-16749.5098,-15044.9062,0.9342,0.977,0.9225,0.9105,132312.8906,48334.6875,48620.2031,38274.3516,426.2107,429.5334,425.5785,423.7618,246.0551,246.1799,247.1842,244.7517,180.1137,194.2442,193.582,162.6906,50.0558,227438.7969,229100.0469,4905.6455,-15989.7451,0,0,0,0,0.9929,319.6759,0,0,28.5004,1.5592,1.9262,2.0003,12.8546,17.3073,18.7407,0,0,0.9685,0.9948,0.9481,0.9324,1501.5177,463929344,0,0,0,0,241.9785,120.8038,-7.0179,-19.6753,-19.7376,-0.1119,-0.4464,0.5584,-5.6822,-5.1536,10.8126,0,0,432.2727,235.3525,250.703,219.3341,284.4715,0.0108,50.1582,49.3482,188810.375,16.7429,53492.0625,-0.0259,188838.8125,17.2245,0.999,-0.8164,1.4404,1.658,1.5082,13.6584,16.3435,17.1026,1.0018,1.0116,1.007,1.0934,1.6026,1.7389,,,,,,,
2026-05-19 17:48:19,130459.4688,48185.6992,39868.6367,39319.5234,-1703.3418,250.8109,-3178.8345,-884.8737,0.9896,-0.9923,0.9931,0.9907,134511.7812,50282.2031,42574.1484,42958.7773,425.7032,427.4381,425.2592,424.0944,245.7551,246.1032,246.6243,244.6981,180.442,204.2187,172.7394,170.0926,49.983,233191.375,234906.6562,4908.1187,-16582.4863,0,0,0,0,0.9929,327.6338,0,0,29.8539,1.4458,1.4643,1.4145,11.3488,14.0026,12.7391,0,0,0.999,0.999,0.9961,0.999,1499.347,473169920,0,0,0,0,244.106,123.3927,2.5625,-4.8252,-2.5625,-0.1725,-0.3309,0.5064,-11.4396,5.078,6.4931,0,0,432.2727,235.3525,250.703,219.3341,284.4715,0.0108,50.1582,49.3482,188810.375,16.7429,53492.0625,-0.0259,188838.8125,17.2245,0.999,-0.8164,1.2151,1.3192,1.8521,11.2181,12.9714,12.1255,1.0019,1.0117,1.006,1.4796,1.6727,1.7064,,,,,,,
2026-05-19 17:50:40,135805.4531,49251.5742,47016.7812,39528.5234,-10574.3311,2221.416,-8000.9092,-6411.7212,0.981,-0.9943,0.9731,0.9781,135640.5781,49590.8203,47321.6367,39867.5273,425.5485,427.4051,425.2542,423.8026,245.6052,245.8495,246.5276,244.3226,183.7221,226.1896,214.1982,174.2809,49.9555,238358.2969,240079.9844,4911.042,-16700.7031,0,0,0,0,0.993,334.7284,0,0,36.2488,1.5364,1.5464,1.7013,10.3313,14.7128,16.3837,0,0,0.9967,-0.9986,0.9855,0.9881,1498.6935,482410496,0,0,0,0,242.321,120.2835,2.575,-9.0632,-8.6077,-0.1224,-0.3952,0.5171,-7.1928,-4.2076,10.9869,0,0,432.2727,235.3525,250.703,219.3341,284.4715,0.0108,50.1582,49.3482,188810.375,16.7429,53492.0625,-0.0259,188838.8125,17.2245,0.999,-0.8164,1.5465,1.3085,1.862,10.9406,13.7572,14.6875,1.0036,1.0052,1.009,1.5359,1.8162,1.9554,,,,,,,
2026-05-19 17:53:01,125314.5078,45611.9766,43071.2695,35806.7148,-19749.5352,-413.7022,-10768.0859,-8733.374,0.9717,0.9944,0.962,0.958,125799.2656,46186.2148,43830.6875,36183.6875,425.4984,427.4607,425.1163,423.6393,245.6009,245.9343,246.6473,244.3249,173.1872,187.2444,180.5357,150.1098,49.95,243591.1875,245340.7344,4911.042,-17499.791,0,0,0,0,0.9929,341.9828,0,0,33.1802,1.3944,1.5828,1.6896,9.5755,13.9411,15.3187,0,0,0.9886,0.999,0.969,0.9717,1498.4812,491651072,0,0,0,0,243.4836,121.9212,-2.5625,-14.1053,-14.0354,-0.1435,-0.3815,0.5303,-8.0396,-4.8105,12.5039,0,0,432.2727,235.3525,250.703,219.3341,284.4715,0.0108,50.1582,49.3482,188810.375,16.7429,53492.0625,-0.0259,188838.8125,17.2245,0.999,-0.8164,1.2667,1.4794,1.8634,11.6645,15.8087,15.1916,1.0059,1.008,1.0094,1.5435,1.8393,4.7979,,,,,,,
2026-05-19 17:55:22,123079.0625,44974.4609,42780.7305,35144.9219,-23865.584,-1622.3612,-11903.5342,-10242.0898,0.9666,0.992,0.9536,0.9539,124892.0859,44993.9688,45458.3516,37706.0039,425.2829,427.4234,424.8249,423.5294,245.4996,245.8448,246.4768,244.1106,184.4424,197.4282,201.7356,169.9205,49.966,248464.0312,250295.8906,4911.042,-18393.2148,0,0,0,0,0.9927,348.8267,0,0,32.1036,1.3089,1.597,1.4894,10.2047,15.2529,16.672,0,0,0.9819,0.999,0.9603,0.9611,1498.9998,500891648,0,0,0,0,240.6909,121.6197,-2.5625,-14.1538,-15.968,-0.129,-0.4307,0.563,-6.5482,-5.6333,11.9193,0,0,432.2727,235.3525,250.703,219.3341,284.4715,0.0108,50.1582,49.3482,188810.375,16.7429,53492.0625,-0.0259,188838.8125,17.2245,0.999,-0.8164,1.0751,1.3285,1.5312,10.3763,13.9306,15.2513,1.0023,1.003,1.0056,1.553,1.911,2.0327,,,,,,,
2026-05-19 17:57:43,163697.4688,57357.4922,53748.1836,51139.1172,-10071.3047,-705.6714,-5821.4995,-3928.8069,0.9916,0.999,0.9894,0.99,163795.1719,57509.8711,53634.2734,51223.9688,425.7966,427.771,425.3239,424.3456,245.8805,246.2983,246.7068,244.5242,218.4604,231.4419,216.867,209.3967,50.0025,253808.2188,255693.2031,4911.042,-19097.1953,0,0,0,0,0.9926,356.2716,0,0,0.0,1.2581,1.3858,14.9922,333.0773,10.675,10.7133,0,0,0.9976,0.999,0.9944,0.9969,1500.364,510132224,0,0,0,0,242.1934,114.9686,-2.8718,-6.1439,-2.9593,-0.1895,-0.3121,0.5114,-6.6779,1.0806,4.9681,0,0,432.2727,235.3525,250.703,219.3341,284.4715,0.0108,50.1582,49.3482,188810.375,16.7429,53492.0625,-0.0259,188838.8125,17.2245,0.999,-0.8164,1.2643,1.2352,1.6727,8.5106,10.2387,10.4819,2.5735,2.4108,1.0047,1.3557,1.669,1.5668,,,,,,,
2026-05-19 18:00:04,124996.75,48196.1758,42046.4023,40609.2812,-8309.8867,-413.2484,-5170.1782,-3247.1177,0.9884,-0.9941,0.9882,0.9915,127763.8359,47112.8633,41081.3164,39689.3711,426.4642,428.6711,425.79,424.7906,246.196,246.6975,247.1495,244.7949,168.2726,185.3638,161.2891,158.1514,50.07,258839.0938,260740.6719,4911.042,-19496.7031,0,0,0,0,0.9927,363.1306,0,0,26.2675,1.22,1.7082,1.6673,9.9238,15.1946,14.503,0,0,0.9966,0.999,0.9899,0.9957,1502.6028,519372800,0,0,0,0,242.3417,121.5242,-2.5625,-7.5682,-5.2265,-0.1095,-0.2299,0.3549,-9.7495,3.6606,5.982,0,0,432.2727,235.3525,250.703,219.3341,284.4715,0.0108,50.1582,49.3482,188810.375,16.7429,53492.0625,-0.0259,188838.8125,17.2245,0.999,-0.8164,1.3176,1.7299,1.7453,11.3192,14.5289,14.2098,1.0048,1.0108,1.0039,1.5094,1.7459,1.6719,,,,,,,
2026-05-19 18:02:26,124779.6328,46451.1367,40035.0781,37442.2227,-8188.2969,357.3738,-4544.373,-3062.2939,0.9879,0.9938,0.9807,0.9862,118737.5391,44366.4805,37883.6797,35966.1719,427.0441,430.3426,428.446,425.3446,247.0783,247.3982,247.7564,244.7428,172.9664,179.7839,158.2562,154.061,50.1651,263647.1562,265593.4375,4911.042,-19829.502,0,0,0,0,0.9928,369.7626,0,0,29.8796,1.1646,2.0192,1.6802,11.4351,13.629,13.4831,0,0,0.9839,0.9935,0.9722,0.9811,1504.9637,528678912,0,0,0,0,242.3854,121.3845,-6.7073,-13.3653,-10.525,-0.5028,-0.0281,0.531,-8.3178,2.832,4.8785,0,0,432.2727,235.3525,250.703,219.3341,284.4715,0.0108,50.1681,49.3482,188810.375,16.7429,53492.0625,-0.0259,188838.8125,17.2245,0.999,-0.8164,1.4493,1.985,1.843,11.7893,13.6338,13.0596,1.0019,1.0081,1.0046,1.6417,1.8935,1.8104,,,,,,,
2026-05-19 18:04:47,110535.4766,41058.582,35120.8242,34666.6055,263.7662,1918.2612,-1588.875,188.9145,-0.9892,-0.9915,0.9883,-0.9896,110194.1797,41462.2969,34953.0312,34017.832,425.6383,428.7728,426.3441,425.8717,246.6084,246.6693,246.1621,244.4324,150.477,167.5589,141.8918,145.0479,50.1365,268622.2188,270570.625,4918.4644,-20227.5332,0,0,0,0,0.9928,376.5529,0,0,28.5734,1.1026,1.7939,1.604,11.1309,13.1219,12.9512,0,0,0.999,-0.9981,0.9989,0.999,1503.9888,537919488,0,0,0,0,241.5601,120.8181,2.9328,-2.5625,2.5625,-0.1278,-0.6201,0.3044,-10.7416,5.3262,6.7668,0,0,432.2727,235.3525,250.703,219.3341,284.4715,0.0108,50.1691,49.3482,188810.375,16.7429,53492.0625,-0.0259,188838.8125,17.2245,0.999,-0.8164,1.1568,1.6873,1.5113,12.5517,13.8121,13.4959,1.0049,1.0071,1.0072,1.6209,1.8929,1.7895,,,,,,,
2026-05-19 18:07:08,110549.7734,41700.4453,35283.4844,34436.4883,-4077.9509,1087.2601,-3543.875,-1593.4681,0.9879,-0.9882,0.9759,0.9835,108394.1094,41070.8086,34255.5273,33253.3477,425.8215,428.4861,424.619,424.7049,246.3438,246.6513,247.6031,244.7135,168.1011,188.9404,158.974,144.3195,50.0815,273118.0938,275067.9375,4936.2383,-20304.9883,0,0,0,0,0.9929,382.714,0,0,30.8491,1.2826,1.8535,1.6688,13.9035,17.409,16.3623,0,0,0.999,0.999,0.9961,0.999,1502.507,547160064,0,0,0,0,241.9055,121.2904,2.5625,-6.0846,-2.5625,-0.0925,-0.4551,0.526,-11.689,5.5482,6.199,0,0,432.2727,235.3525,250.703,219.3341,284.4715,0.0108,50.1691,49.3482,188810.375,16.7429,53492.0625,-0.0259,188838.8125,17.2245,0.999,-0.8164,1.2352,1.6173,1.9858,12.8933,16.4196,15.5969,1.0047,1.011,1.0045,1.8799,2.275,2.171,,,,,,,
2026-05-19 18:09:30,111132.9297,42009.8867,34099.9766,33926.0078,-3009.4988,1668.78,-2891.6982,0.0,0.9877,-0.9933,0.9854,0.9857,111125.2344,42379.9375,32878.8086,32385.6895,426.0188,428.1611,425.2151,424.5291,245.9237,246.4021,246.6949,244.4763,152.3572,172.4855,145.0197,144.4837,50.0375,278064.9062,280017.1562,4936.2383,-20451.1309,0,0,0,0,0.993,389.49,0,0,28.2218,0.9189,1.4799,1.5673,12.7968,16.0752,15.4052,0,0,0.9982,0.999,0.9945,0.998,1501.0153,556400640,0,0,0,0,241.5665,121.1089,2.5625,-7.6604,-3.9259,-0.1634,-0.2635,0.4329,-14.2892,5.9783,7.6669,0,0,432.2727,235.3525,250.703,219.3341,284.4715,0.0108,50.1691,49.3482,188810.375,16.7429,53492.0625,-0.0259,188838.8125,17.2245,0.999,-0.8164,1.0969,1.5601,1.4654,12.8051,15.9204,15.6553,1.0048,1.004,1.0038,1.5959,1.799,1.7865,,,,,,,
2026-05-19 18:11:51,113766.2734,46624.7812,40139.6602,36018.0898,-4168.4409,858.1392,-3234.3442,-1615.8118,0.9881,0.0,0.9846,0.9845,121989.3594,47262.668,39337.5664,38566.1406,424.3869,426.5298,423.8813,422.9366,245.2247,245.6252,245.9918,244.1344,157.7628,177.8908,154.9299,152.1996,49.9648,282509.9375,284464.9375,4936.3052,-20597.3574,0,0,0,0,0.9931,395.6535,0,0,33.9963,1.2914,1.3705,1.7539,12.8702,16.4861,16.4934,0,0,0.999,0.999,0.9969,0.9986,1498.6949,565641216,0,0,0,0,243.7743,121.651,2.5625,-5.6754,-3.2781,-0.1796,-0.3694,0.5486,-9.9337,3.6286,6.3051,0,0,432.2727,235.3525,250.703,219.3341,284.4715,0.0108,50.1691,49.3482,188810.375,16.7429,53492.0625,-0.0259,188838.8125,17.2245,0.999,-0.8164,1.1627,1.5093,1.3793,12.1767,14.9669,13.8272,1.001,1.0026,1.0047,1.694,1.9455,2.0001,,,,,,,
2026-05-19 18:14:12,106435.125,39556.8945,34051.1172,33420.6016,-5013.3223,1171.1608,-3991.094,-1667.4485,0.9872,-0.9919,0.9848,0.9866,108100.1719,42023.8906,36172.2969,34581.1875,424.5761,426.4679,424.288,422.9701,245.1484,245.4715,246.0476,243.8466,148.0659,160.4443,138.999,137.418,50.0098,286768.3125,288757.4375,4936.3052,-20767.3926,0,0,0,0,0.9932,401.5067,0,0,29.1341,0.9987,1.3405,1.3035,11.9337,17.8609,17.1296,0,0,0.9986,0.999,0.9941,0.999,1500.3348,574947328,0,0,0,0,245.8916,122.3028,2.5625,-6.645,-2.5625,-0.2271,-0.4016,0.6287,-11.5241,4.7841,6.4023,0,0,432.2727,235.3525,250.703,219.3341,284.4715,0.0108,50.1691,49.3482,188810.375,16.7429,53492.0625,-0.0259,188838.8125,17.2245,0.999,-0.8164,1.1402,1.4694,1.3753,12.9167,15.099,14.1805,1.0013,1.9156,1.0044,1.5922,1.9783,1.7576,,,,,,,
2026-05-19 18:16:33,117580.4531,43706.2109,37239.375,35936.3594,-3149.5798,1482.9409,-3948.5366,-704.9052,0.9892,-0.9947,0.9852,0.9886,118258.0,44128.1055,37737.6172,39238.2383,424.5431,426.9103,423.8412,422.6902,245.0654,245.5366,246.167,243.6333,167.7436,180.8597,155.5815,151.1764,50.0272,291135.9375,293132.4375,4936.3052,-20958.8359,0,0,0,0,0.9933,407.5431,0,0,25.8844,1.3232,1.4806,1.2704,11.351,14.8113,14.016,0,0,0.999,0.999,0.9947,0.999,1501.2792,584187904,0,0,0,0,241.0909,120.0859,2.5625,-5.6314,-2.5625,-0.2178,-0.368,0.5935,-10.9545,4.007,6.663,0,0,432.2727,235.3525,250.703,219.3341,284.4715,0.0108,50.1691,49.3482,188810.375,16.7429,53492.0625,-0.0259,188838.8125,17.2245,0.999,-0.8164,0.9031,1.2771,1.4891,13.554,14.7924,14.2683,1.0009,1.004,1.003,1.5602,1.866,1.8967,,,,,,,
2026-05-19 18:18:54,147856.8594,53333.2852,49048.7539,46291.2891,-4365.1372,-33.018,-3149.3477,-1177.9869,0.9919,-0.9941,0.9913,0.99,145438.625,52339.3633,48049.2148,45817.8906,423.9731,426.4551,423.6109,422.1203,244.8284,245.2335,245.8345,243.2881,200.099,215.1299,195.5044,191.3895,50.0354,296115.3125,298122.9688,4936.3052,-21126.2227,0,0,0,0,0.9934,414.433,0,0,26.3027,1.1991,1.3866,1.3206,9.9509,11.377,12.0373,0,0,0.999,0.999,0.9981,0.999,1501.0947,593428480,0,0,0,0,241.6736,121.739,2.5625,-5.3295,-2.6326,-0.1721,-0.3331,0.5066,-7.8754,2.0101,5.7118,0,0,432.2727,235.3525,250.703,219.3341,284.4715,0.0108,50.1691,49.3482,188810.375,16.7429,53492.0625,-0.0259,188838.8125,17.2245,0.999,-0.8164,0.9031,1.2455,1.385,14.9235,12.0993,15.7603,1.0014,1.0046,1.0031,1.6394,3.8227,1.6509,,,,,,,
2026-05-19 18:21:16,126833.5547,46833.2031,43693.5625,36312.793,-20824.9277,-1978.4863,-11400.7148,-8189.9146,0.9744,0.9958,0.9569,0.9613,128899.3203,46646.6016,45077.0078,37314.0117,424.8379,426.7414,424.1656,423.4109,245.1666,245.6513,245.9147,243.9391,175.3366,189.1917,181.6941,153.1275,49.9894,300886.125,302920.5,4936.3052,-21620.0625,0,0,0,0,0.9934,421.016,0,0,25.2917,1.263,1.4144,1.4788,10.6414,13.6303,15.8507,0,0,0.9854,0.999,0.9626,0.973,1499.6969,602734592,0,0,0,0,246.3983,124.0234,-2.5625,-14.7227,-14.7217,-0.2069,-0.2691,0.476,-7.6346,-4.3138,13.0613,0,0,432.2727,235.3525,250.703,219.3341,284.4715,0.0108,50.1691,49.3482,188810.375,16.7429,53492.0625,-0.0259,188838.8125,17.2245,0.999,-0.8164,1.0329,1.5006,1.3069,12.5232,13.8995,16.4111,1.0032,1.0047,1.003,1.5561,1.7816,2.1863,,,,,,,
2026-05-19 18:23:37,118629.9766,45004.7695,37334.3086,36284.832,27759.2422,11516.2041,6887.9189,10325.2246,-0.9662,-0.9623,-0.9758,-0.9672,123168.7422,47674.543,38368.0742,37967.4492,424.4723,427.3561,424.0021,422.0655,245.1945,245.6884,245.9872,243.9154,161.4886,180.7429,151.5807,147.7134,49.9862,305554.9375,307675.5,5359.6421,-22074.0449,0,0,0,0,0.9932,427.5459,0,0,31.1958,0.935,1.0897,1.2635,7.5484,8.9442,9.5658,0,0,-0.9686,-0.9536,-0.9804,-0.9721,1500.1403,611975168,0,0,0,0,244.5522,121.228,8.7839,4.1085,15.0964,-0.1416,-0.5901,0.7317,-19.4434,13.6527,5.2712,0,0,432.2727,235.3525,250.703,219.3341,284.4715,0.0108,50.1691,49.3482,188810.375,16.7429,53492.0625,-0.0259,188838.8125,17.2245,0.999,-0.8164,1.0231,1.3698,1.1801,8.6278,12.1535,10.099,1.0013,1.0088,1.0024,1.3969,1.8039,1.4598,,,,,,,
2026-05-19 18:25:58,117834.0859,47329.8086,33712.4648,35908.3008,-7247.7964,-1912.4611,-6392.1938,3217.2903,0.9844,0.9927,0.974,-0.989,116464.7891,46947.1562,33294.8906,35999.9336,425.0316,427.2285,424.0746,423.7684,245.3363,246.0603,246.0481,243.9798,156.416,188.9009,136.8599,143.8616,50.0126,310307.6875,312459.5938,5724.8218,-22195.7578,0,0,0,0,0.9932,434.0917,0,0,30.7583,0.9959,1.3335,1.4849,10.5791,14.2475,11.3997,0,0,0.9987,0.999,0.9804,-0.9963,1500.6427,621215744,0,0,0,0,240.5614,119.7447,-2.5625,-9.7919,4.7638,-0.3238,-0.3594,0.6831,-20.1758,12.5451,7.961,0,0,432.2727,235.3525,250.703,219.3341,284.4715,0.0108,50.1691,49.3482,188810.375,16.7429,53492.0625,-0.0259,188838.8125,17.2245,0.999,-0.8164,1.0441,1.1628,1.6897,10.2936,14.4296,10.7834,1.0014,1.0055,1.0038,1.3285,1.879,1.4853,,,,,,,
2026-05-19 18:28:19,157360.4219,60614.6562,48772.8086,49203.6055,-7650.9146,-947.4269,-6498.9468,1179.8053,0.9917,0.994,0.9862,-0.9931,159265.9062,60959.9453,49124.9297,49548.7422,425.5813,427.6214,424.9362,424.1065,245.6523,246.196,246.3937,0.0,216.8329,247.7346,197.8035,200.43,50.0452,315618.2188,317788.4688,5724.8218,-22447.4746,0,0,0,0,0.9933,441.4366,0,0,28.2065,0.9207,1.3189,1.1908,377.5228,11.0734,8.2754,0,0,0.999,0.999,0.9892,0.999,1501.2184,630456320,0,0,0,0,242.9038,121.529,2.5625,-5.3629,3.5502,-0.2182,-0.3495,0.555,-15.2479,8.3626,6.6377,0,0,432.2727,235.3525,250.703,219.3341,284.4715,0.0108,50.1691,49.3482,188810.375,16.7429,53492.0625,-0.0259,188838.8125,17.2245,0.999,-0.8164,1.3061,1.5237,1.4277,8.0,10.9423,8.6804,1.0013,1.0048,1.0038,1.0896,1.5379,1.2698,,,,,,,
2026-05-19 18:30:41,115282.8203,46441.8633,32523.5527,35350.7695,-7918.2524,-2090.5957,-6546.2778,1094.6188,0.9865,0.9947,0.9718,-0.9865,114765.0078,49433.1992,35998.0664,38116.3086,425.8996,428.0026,425.477,424.5487,246.265,246.4836,246.7416,244.2673,177.7343,209.8081,146.1575,153.7485,50.0714,321611.1562,323741.8438,5725.3911,-22652.4453,0,0,0,0,0.9934,449.5831,0,0,30.3672,1.2529,1.5579,1.5136,10.332,14.7141,12.0173,0,0,0.999,0.999,0.985,-0.9984,1502.1804,639696896,0,0,0,0,242.8264,121.3686,-2.5625,-7.6348,3.5556,-0.2121,-0.3442,0.5299,-17.9568,12.3003,5.6565,0,0,432.2727,235.3525,250.703,219.3341,284.4715,0.0108,50.1691,49.3482,188810.375,16.7429,53492.0625,-0.0259,188838.8125,17.2245,0.999,-0.8164,1.4708,1.8311,1.4788,11.1663,16.765,10.9144,1.0025,1.0064,1.0039,1.3274,1.9588,1.4543,,,,,,,
2026-05-19 18:33:02,118012.1172,46974.9531,34398.7695,36388.2148,-4634.2358,-1270.5599,-5402.7051,1529.9962,0.9858,0.9945,0.9726,-0.9912,112742.2266,45897.6094,32412.8105,34755.7969,426.6027,428.4079,427.0589,424.2163,246.2728,246.5392,247.0073,245.2877,154.0974,188.4343,136.2168,144.8299,50.0722,326382.75,328550.9375,5725.3911,-22859.123,0,0,0,0,0.9935,456.123,0,0,32.4167,0.9182,1.36,1.4599,9.4938,15.8115,11.9741,0,0,0.999,0.999,0.9848,-0.9988,1502.2012,649003008,0,0,0,0,242.3773,121.5632,-2.5625,-9.6298,2.9741,-0.2094,-0.3221,0.5315,-18.9804,12.6143,6.5045,0,0,432.2727,235.3525,250.703,219.3341,284.4715,0.0108,50.1691,49.3482,188810.375,16.7429,53492.0625,-0.0259,188838.8125,17.2245,0.999,-0.8164,1.2877,1.5028,1.675,10.0004,15.3992,11.3358,1.0024,1.0085,1.0074,1.4222,4.9869,1.5842,,,,,,,
2026-05-19 18:35:23,107539.3984,44993.6992,32730.5801,34949.418,-4879.2544,-1734.306,-6180.2354,1611.0869,0.9847,0.9914,0.9693,-0.9904,118711.0391,48827.9023,34258.2891,38512.125,426.2046,428.4904,425.4609,424.4464,246.074,246.5712,247.1258,244.662,159.7917,193.6772,138.3647,145.0287,50.0595,330894.4375,333069.3438,5725.5322,-23099.5117,0,0,0,0,0.9936,462.3141,0,0,36.3337,1.3057,1.3797,1.7856,10.2935,15.7596,12.2146,0,0,0.9989,0.999,0.9858,-0.9989,1501.9515,658243584,0,0,0,0,242.8488,121.6424,-2.5625,-10.0382,3.2523,-0.1641,-0.4039,0.5519,-22.8112,13.8089,9.0018,0,0,432.2727,235.3525,250.703,219.3341,284.4715,0.0108,50.1691,49.3482,188810.375,16.7429,53492.0625,-0.0259,188838.8125,17.2245,0.999,-0.8164,1.241,1.563,1.3504,9.5373,14.6836,10.9327,1.0018,1.0071,1.0071,1.3148,1.9289,1.5542,,,,,,,
2026-05-19 18:37:45,108604.8984,45273.6836,34736.5039,36369.9531,-6097.4849,-1411.6873,-6049.9858,1553.0659,0.989,0.9947,0.9753,-0.997,118846.3047,48655.3984,38272.7422,39616.2656,426.4506,428.5995,425.904,424.6579,246.1434,246.6007,247.09,244.8283,162.6794,199.2843,141.2632,151.6011,50.0587,335522.2188,337667.8438,5725.5327,-23271.5293,0,0,0,0,0.9936,468.6197,0,0,33.1481,1.1066,1.5236,1.6863,9.9252,15.1701,12.6173,0,0,0.9989,0.999,0.9828,-0.998,1501.75,667484160,0,0,0,0,242.3132,120.2592,-2.5681,-12.5352,2.5625,-0.1966,-0.3539,0.5541,-23.0268,13.5539,9.4664,0,0,432.2727,235.3525,250.703,219.3341,284.4715,0.0108,50.1691,49.3482,188810.375,16.7429,53492.0625,-0.0259,188838.8125,17.2245,0.999,-0.8164,1.2706,1.601,1.8941,9.7806,15.9692,11.7748,1.0018,1.0106,1.0051,1.4004,3.8685,1.9652,,,,,,,
2026-05-19 18:40:06,111498.7734,46164.6719,34421.75,30255.0156,-15145.0889,-493.6451,-10516.2344,-2891.4373,0.9753,0.9959,0.9406,0.9831,111100.3594,45646.9414,36057.793,30491.459,426.8502,428.7762,426.5465,425.1117,246.464,246.792,247.3598,245.1993,148.3205,178.9683,145.518,122.7477,50.0594,340064.6875,342275.125,5726.4316,-23818.2246,0,0,0,0,0.9936,474.9373,0,0,31.6239,1.2542,1.4448,2.0012,9.3151,14.2217,15.3246,0,0,0.9897,0.999,0.951,0.9938,1501.7538,676790272,0,0,0,0,242.0869,121.8752,2.5625,-16.2791,-4.7035,-0.1557,-0.3401,0.5027,-19.9303,3.2497,17.1798,0,0,432.2727,235.3525,250.703,219.3341,284.4715,0.0108,50.1691,49.3482,188810.375,16.7429,53492.0625,-0.0259,188838.8125,17.2245,0.999,-0.8164,1.3471,1.5348,1.7377,11.7019,15.6102,15.2182,1.0021,1.0031,1.0063,1.4335,3.564,1.7312,,,,,,,
2026-05-19 18:42:28,96851.8672,40554.2188,30510.252,26109.8496,-19069.4434,-3190.4094,-11580.2783,-3843.6689,0.9633,0.9911,0.9279,0.9674,103435.1484,42172.75,34848.1797,28873.9922,426.5966,428.8023,426.5365,424.8043,246.2637,246.6642,247.1899,244.8845,155.4061,188.2802,151.9945,107.2879,50.0382,344232.1875,346461.9062,5726.4316,-24452.0742,0,0,0,0,0.9936,480.706,0,0,32.485,1.1744,1.4888,1.6707,11.327,17.4289,18.2968,0,0,0.9829,0.9977,0.9347,0.9851,1500.8616,686030848,0,0,0,0,240.9097,121.3692,-2.5625,-21.7634,-7.6833,-0.168,-0.3869,0.5426,-21.4489,1.613,19.2815,0,0,432.2727,235.3525,250.703,219.3341,284.4715,0.0108,50.1691,49.3482,188810.375,16.7429,53492.0625,-0.0259,188838.8125,17.2245,0.999,-0.8164,1.4053,1.5623,1.8541,11.4972,16.5876,17.9387,1.0031,1.0116,1.008,1.6077,2.3053,2.4202,,,,,,,
2026-05-19 18:44:49,92108.5781,38147.9531,29260.1055,27751.4844,-17106.8516,-1914.4041,-11735.4434,-4276.8281,0.9563,0.987,0.9122,0.9658,94075.3516,38448.3516,31818.4473,25676.0234,426.7551,428.4829,426.4094,425.2895,246.394,246.7319,247.2443,243.9487,130.5902,155.679,130.4872,105.5161,50.0701,347959.4062,350249.375,5726.4316,-25120.4238,0,0,0,0,0.9935,485.9851,0,0,27.5978,1.324,1.7391,1.8353,11.9815,16.7945,17.9097,0,0,0.9817,0.9985,0.9303,0.9871,1502.0833,695271424,0,0,0,0,242.3863,121.622,-2.7378,-21.127,-9.0472,-0.0819,-0.0911,0.3017,-19.3479,0.1771,19.1708,0,0,432.2727,235.3525,250.703,219.3341,284.4715,0.0108,50.1691,49.3482,188810.375,16.7429,53492.0625,-0.0259,188838.8125,17.2245,0.999,-0.8164,1.3465,1.5168,2.0658,12.136,16.6999,17.9359,1.0025,1.0033,1.0063,1.6487,1.8525,2.1754,,,,,,,
2026-05-19 18:47:10,106986.4688,39631.3008,37474.9766,27432.457,-4536.564,3945.7415,-5509.6323,-4063.814,0.9801,-0.9859,0.9807,0.9747,100734.7266,35090.7578,33965.8945,27087.8555,426.415,427.8638,425.9122,425.3373,245.8754,246.6691,246.808,244.1978,133.3852,155.8068,149.2413,119.8991,50.0702,351766.5312,354099.375,5726.4316,-25407.3691,0,0,0,0,0.9935,491.2686,0,0,26.1468,1.005,1.5091,2.0058,11.6554,14.5279,16.8262,0,0,0.9977,-0.9967,0.9865,0.9901,1502.2236,704577536,0,0,0,0,241.4754,121.5988,5.8374,-10.2196,-8.9913,-0.0544,-0.227,0.2814,-10.1138,-6.1553,16.5696,0,0,432.2727,235.3525,250.703,219.3341,284.4715,0.0108,50.1691,49.3482,188810.375,16.7429,53492.0625,-0.0259,188838.8125,17.2245,0.999,-0.8164,0.9862,1.5681,1.6251,11.377,14.5855,17.6045,1.0014,1.0079,1.0045,1.6335,1.8701,2.4842,,,,,,,
2026-05-19 18:49:32,88880.4766,33977.207,31306.2031,23603.0234,-12529.5723,1285.8182,-8107.6133,-6202.1255,0.9687,-0.9837,0.9527,0.9446,88646.9531,34103.2422,31338.8418,23799.209,426.3629,428.188,426.0843,424.4871,246.0555,246.394,246.9578,244.8644,124.8933,139.8637,132.6618,102.7943,50.0507,355473.6562,357801.5312,5726.4316,-25793.5332,0,0,0,0,0.9935,496.3876,0,0,28.886,1.1665,1.7667,1.6113,13.054,15.696,18.9908,0,0,0.9941,-0.997,0.9741,0.9767,1501.7477,713818112,0,0,0,0,241.7346,121.6304,3.9788,-13.4736,-13.6471,-0.1266,-0.3759,0.52,-10.9281,-6.566,17.9723,0,0,432.2727,235.3525,250.703,219.3341,284.4715,0.0108,50.1691,49.3482,188810.375,16.7429,53492.0625,-0.0259,188838.8125,17.2245,0.999,-0.8164,1.3256,1.4526,1.566,11.9168,15.2997,19.0313,1.0019,1.0045,1.0045,1.5389,1.9153,2.2004,,,,,,,
2026-05-19 18:51:53,95079.375,36077.9688,33477.7344,25962.0898,-9833.2471,2373.0615,-7679.6416,-5536.7759,0.9731,-0.9914,0.9661,0.9603,96836.4922,36231.8945,34608.1211,26783.791,426.8693,428.611,426.7005,425.1235,246.4295,246.7604,247.4622,245.2386,135.4454,146.0782,141.5979,113.4855,50.0931,359174.5312,361552.1875,5726.4316,-26219.7227,0,0,0,0,0.9935,501.5891,0,0,26.4294,1.0278,1.7737,2.0275,12.2218,16.734,18.912,0,0,0.9934,-0.9977,0.9731,0.981,1502.6765,723124224,0,0,0,0,240.5452,122.1944,2.6572,-13.3344,-11.3892,-0.0614,-0.6156,0.6327,-9.5751,-5.8604,15.8772,0,0,432.2727,235.3525,250.703,219.3341,284.4715,0.0108,50.1691,49.3482,188810.375,16.7429,53492.0625,-0.0259,188838.8125,17.2245,0.999,-0.8164,0.9807,1.7677,1.8151,12.7942,17.8085,19.8105,1.0026,2.5629,1.006,1.63,1.9468,2.6477,,,,,,,
2026-05-19 18:54:15,89471.5312,33680.2148,35098.0234,27460.9355,-11507.8359,733.3249,-8627.54,-5911.5356,0.9696,-0.9944,0.9636,0.9543,94209.3516,35967.8906,31427.1035,23706.9648,426.0351,428.7243,425.7199,423.7433,246.1554,246.532,247.2011,244.8955,119.9547,135.0023,127.5883,113.8811,50.0462,362806.4062,365182.7812,5726.4316,-26635.2207,0,0,0,0,0.9935,506.6251,0,0,26.8705,1.215,1.4683,1.6279,14.0944,17.6946,20.1405,0,0,0.9932,-0.9973,0.9733,0.9715,1501.3761,732364800,0,0,0,0,239.9641,121.4633,3.44,-12.9642,-10.904,-0.1648,-0.361,0.5432,-9.6568,-6.301,15.5527,0,0,432.2727,235.3525,250.703,219.3341,284.4715,0.0108,50.1691,49.3482,188810.375,16.7429,53492.0625,-0.0259,188838.8125,17.2245,0.999,-0.8164,1.2215,1.543,1.667,12.2103,15.9499,19.7023,1.0019,1.0047,1.0072,1.7272,2.0493,2.5912,,,,,,,
2026-05-19 18:56:37,87716.1875,33155.5391,30998.9395,23429.1562,-12507.3574,2044.7162,-7959.8311,-6335.4912,0.9665,-0.9886,0.9555,0.9402,88536.6328,33365.293,32024.0645,24305.1797,426.0239,428.0667,425.5257,424.5192,246.0255,246.3765,246.9739,244.7131,122.4917,134.1413,132.2293,101.8995,50.054,366459.7188,368867.375,5726.4316,-27112.4062,0,0,0,0,0.9935,511.7211,0,0,27.8507,0.988,1.0856,1.4862,11.6,16.1476,20.4208,0,0,0.9902,0.999,0.9618,0.9684,1501.4866,741670912,0,0,0,0,243.3357,122.6093,2.5625,-14.745,-14.596,-0.1947,-0.3129,0.5138,-11.1166,-6.1449,18.0551,0,0,432.2727,235.3525,250.703,219.3341,0.0,0.0108,50.1691,49.3482,188810.375,16.7429,53492.0625,-0.0259,188838.8125,17.2245,0.999,-0.8164,1.3278,1.3059,1.6854,12.3781,16.9967,19.9212,1.0018,1.0062,1.0051,1.6145,1.831,2.4207,,,,,,,
2026-05-19 18:58:58,92449.0078,34786.5586,32416.207,25348.6543,-13539.3975,1229.4889,-8621.3701,-6252.6123,0.967,-0.9931,0.9529,0.9468,94272.0391,35146.6562,33758.9297,26091.0625,425.806,427.3881,425.4283,424.6296,245.7191,245.8274,246.1558,245.1337,130.5167,144.4116,138.3367,108.8672,50.0943,369952.0312,372396.125,5726.4316,-27617.8125,0,0,0,0,0.9934,516.6562,0,0,26.9716,1.2637,1.6288,1.4673,11.8858,15.2094,19.1347,0,0,0.9892,0.999,0.9646,0.9685,1502.9095,750911488,0,0,0,0,241.8684,121.4749,3.4829,-14.9549,-14.347,-0.2689,-0.207,0.4428,-10.6815,-6.446,17.1275,0,0,432.2727,235.3525,250.703,219.3341,284.4715,0.0108,50.1691,49.3482,188810.375,16.7429,53492.0625,-0.0259,188838.8125,17.2245,0.999,-0.8164,1.4048,1.6588,1.9689,10.9305,13.9129,19.0478,1.0019,1.0055,1.0046,1.4984,1.643,2.3883,,,,,,,
2026-05-19 19:01:19,100652.0391,38233.8086,35101.0898,27718.7793,-12895.9219,1832.2858,-8496.8379,-6179.6777,0.9761,-0.9908,0.9663,0.9631,101355.5781,37146.9375,35957.0195,28876.9766,425.6726,428.7497,424.0115,424.1555,245.8923,246.8524,246.7965,245.6404,140.7107,154.5769,149.7355,119.7454,50.149,373440.4688,375922.25,5726.4316,-28130.7266,0,0,0,0,0.9934,521.5129,0,0,26.3938,1.3648,1.9474,1.7971,9.8917,10.819,14.1385,0,0,0.9917,-0.9989,0.9715,0.976,1504.7623,760152064,0,0,0,0,240.3674,122.072,2.7671,-13.9126,-13.4691,-0.409,-0.4952,0.4219,-9.9585,-5.263,15.2643,0,0,432.2727,235.3525,250.703,219.3341,284.4715,0.0108,50.1691,49.3482,188810.375,16.7429,53492.0625,-0.0259,188838.8125,17.2245,0.999,-0.8164,1.4233,1.8916,2.1299,9.4301,10.2304,14.0513,1.002,1.0159,1.0055,1.3061,1.3867,1.8007,,,,,,,
2026-05-19 19:03:40,106771.3672,39605.6328,34004.75,32645.918,-524.6556,1825.6725,-2382.4851,-792.5745,0.9909,-0.9937,0.9933,0.9908,105924.0156,39462.0547,33932.4609,32620.6602,425.6546,427.1498,424.2295,423.2352,245.0283,245.3776,245.6251,243.9875,143.8269,159.8888,138.3918,134.8163,50.1836,377484.5625,380024.6875,5726.4678,-28567.0312,0,0,0,0,0.9934,527.1519,0,0,27.8644,1.4303,2.0051,1.7993,9.5362,12.1671,12.1168,0,0,0.999,0.999,0.9973,0.999,1505.29,769458176,0,0,0,0,241.9167,120.6725,2.5664,-4.8081,-2.5625,-0.5103,-0.0378,0.5481,-11.7971,4.3384,6.7474,0,0,432.2727,235.3525,250.703,219.3341,284.4715,0.0108,50.1878,49.3482,188810.375,16.7429,53492.0625,-0.0259,188838.8125,17.2245,0.999,-0.8164,1.2329,2.0835,1.9689,9.5822,12.7403,12.7475,2.3629,1.0078,1.0093,1.4095,1.6297,1.5128,,,,,,,
2026-05-19 19:06:01,99108.2734,37370.3594,31307.293,30432.1973,-2057.3784,1576.252,-2769.5076,-920.1321,0.9913,-0.9961,0.9888,0.9927,98436.1328,36791.5625,31176.7773,30237.0098,423.8623,425.8707,422.3494,423.3809,245.5218,246.3352,246.2804,244.0207,135.2955,152.8179,127.7611,125.2604,50.1341,381588.4062,384127.4375,5726.4678,-28629.7441,0,0,0,0,0.9935,532.7693,0,0,27.7357,1.1656,1.5879,1.8557,9.3594,12.0811,11.9298,0,0,0.999,-0.9982,0.9982,0.999,1503.9327,778698752,0,0,0,0,242.2505,121.343,3.3299,-4.1344,-2.5625,-0.4894,-0.2256,0.715,-11.5863,4.3485,6.4139,0,0,432.2727,235.3525,250.703,219.3341,284.4715,0.0108,50.1878,49.3482,188810.375,16.7429,53492.0625,-0.0259,188838.8125,17.2245,0.999,-0.8164,1.2988,1.642,2.0278,10.1395,13.1173,11.8984,1.0026,1.0042,1.0095,1.4593,1.6741,1.6517,,,,,,,
2026-05-19 19:08:22,109115.6172,41392.4297,34605.25,33397.2109,785.3036,2660.8291,-1191.3549,-500.923,-0.9907,-0.9937,0.9891,0.992,109620.2344,41214.625,34983.3477,32971.6797,424.1046,426.679,423.2527,422.5877,244.9865,245.4668,245.7078,243.7094,151.2173,170.5943,142.8164,139.8016,50.0585,385915.5312,388456.8438,5744.7017,-28643.2461,0,0,0,0,0.9935,538.7219,0,0,30.5535,0.9499,1.5361,1.9188,10.0129,12.9683,11.8631,0,0,0.999,-0.9977,0.9987,0.999,1501.7639,787939328,0,0,0,0,241.7373,121.6726,3.5717,-2.5625,2.5625,-0.231,-0.3375,0.5596,-11.945,4.3738,7.7783,0,0,432.2727,235.3525,250.703,219.3341,284.4715,0.0108,50.1878,49.3482,188810.375,16.7429,53492.0625,-0.0259,188838.8125,17.2245,0.999,-0.8164,1.1985,1.5672,2.0283,12.5883,14.9737,13.824,1.0019,1.004,1.0107,1.457,1.6515,1.575,,,,,,,
2026-05-19 19:10:44,109097.6016,41197.8867,33844.1445,33314.7539,1684.3854,-539.8154,-2377.7983,-665.3185,-0.9896,-0.9928,0.9915,-0.9919,107700.2578,40760.6523,34218.6836,32748.0645,423.9476,426.242,422.9715,422.515,244.7887,245.4859,245.6192,243.3577,151.1177,171.155,145.1994,136.6256,50.0192,390143.5938,392686.0312,5788.7588,-28651.5703,0,0,0,0,0.9936,544.5264,0,0,29.1641,1.0431,1.0241,1.3641,10.0357,12.8186,12.3644,0,0,0.999,-0.9974,0.9968,0.999,1500.5208,797179904,0,0,0,0,244.3151,120.9227,7.5572,2.5625,2.5625,-0.2413,-0.3068,0.5568,-12.152,4.0612,6.0508,0,0,432.2727,235.3525,250.703,219.3341,284.4715,0.0108,50.1878,49.3482,188810.375,16.7429,53492.0625,-0.0259,188838.8125,17.2245,0.999,-0.8164,0.823,1.416,1.926,11.9915,14.1307,13.7555,1.002,1.004,1.0045,1.5225,1.6918,1.5811,,,,,,,
2026-05-19 19:13:05,107847.8047,40398.6562,34351.0078,32290.2578,-1288.7986,238.1456,-2426.4248,128.5776,0.9919,-0.9906,0.9878,0.9894,105656.8047,40005.2969,33957.7031,32099.5195,424.022,426.3328,423.3614,422.3964,244.8203,245.1964,245.636,243.4458,145.3984,162.8009,140.4221,137.3973,50.0344,394424.0,396937.0,5849.0166,-28661.0215,0,0,0,0,0.9937,550.362,0,0,29.3511,1.3983,1.0686,1.4822,9.8051,12.4118,11.9952,0,0,0.999,0.999,0.9972,0.999,1500.9012,806420480,0,0,0,0,240.6822,121.3168,4.9607,-2.5625,-2.5625,-0.0137,-0.3669,0.2635,-11.3718,4.1556,6.7269,0,0,432.2727,235.3525,250.703,219.3341,284.4715,0.0108,50.1878,49.3482,188810.375,16.7429,53492.0625,-0.0259,188838.8125,17.2245,0.999,-0.8164,0.9515,1.233,1.5765,9.8836,11.8572,11.4496,1.0013,2.5562,1.0039,1.5101,1.7033,1.5953,,,,,,,
2026-05-19 19:15:26,113453.9219,41931.7734,35981.4492,34291.0078,1406.9951,2320.5935,-959.3358,41.2267,-0.991,-0.9871,0.9875,0.9903,116500.5547,43238.6914,36334.5312,34417.5625,423.0001,425.1211,422.3729,421.6365,244.2503,244.8354,245.0228,243.0144,153.2022,171.3692,149.9701,142.5369,50.0603,398867.6562,401381.125,5887.5171,-28666.8066,0,0,0,0,0.9937,556.4756,0,0,28.3466,0.9243,1.3058,1.3602,9.6571,12.0488,12.5204,0,0,0.999,-0.9981,0.999,0.999,1501.5079,815661056,0,0,0,0,241.758,120.5296,2.5625,-2.8393,2.5625,-0.2176,-0.3177,0.5346,-12.1829,5.2874,7.4248,0,0,432.2727,235.3525,250.703,219.3341,284.4715,0.0108,50.1878,49.3482,188810.375,16.7429,53492.0625,-0.0259,188838.8125,17.2245,0.999,-0.8164,1.0865,1.5087,1.4872,12.0841,13.6388,14.2698,1.0014,1.0026,1.0045,1.6755,1.9124,1.8444,,,,,,,
2026-05-19 19:17:47,105384.4609,39596.3945,33431.4961,33142.7188,387.2812,1776.1737,-1350.7788,74.9929,-0.9881,-0.9906,0.991,-0.9898,111814.5469,39994.6172,33981.6562,34617.6211,422.8346,425.1262,422.2683,421.2044,244.1708,244.6168,245.0756,242.7723,140.658,164.296,139.1198,134.9875,50.0538,403173.625,405717.4062,5926.4219,-28671.3809,0,0,0,0,0.9938,562.4459,0,0,27.4724,1.1751,1.4375,1.4251,9.2935,11.7103,11.5955,0,0,0.999,-0.9986,0.999,0.999,1501.6577,824967168,0,0,0,0,241.7424,120.1059,2.8004,-2.5625,2.5625,-0.2082,-0.3922,0.6004,-11.7238,4.2788,7.6423,0,0,432.2727,235.3525,250.703,219.3341,284.4715,0.0108,50.1878,49.3482,188810.375,16.7429,53492.0625,-0.0259,188838.8125,17.2245,0.999,-0.8164,1.2513,1.1709,1.755,9.5227,12.046,11.8321,1.0018,1.0074,1.0032,1.4515,1.6899,1.6756,,,,,,,
2026-05-19 19:20:09,105388.9219,40329.8555,32941.3516,31675.2363,-907.1424,622.6938,-1624.772,-750.5991,0.9935,-0.9951,0.9927,0.9925,104470.7031,38003.3125,30637.0156,30929.6406,424.8717,427.012,424.2017,423.5451,245.2731,245.7685,245.9836,244.0301,141.7104,163.3694,134.3903,126.5466,50.0371,407356.4062,409899.2812,5943.041,-28713.293,0,0,0,0,0.9939,568.1765,0,0,31.001,1.5494,1.5923,1.833,10.3108,12.8406,13.5713,0,0,0.999,0.999,0.9925,0.999,1500.9413,834273280,0,0,0,0,241.6906,121.7731,2.5625,-3.0658,-3.8998,-0.2088,-0.2564,0.4652,-14.9047,6.1882,8.6988,0,0,432.2727,235.3525,250.703,219.3341,284.4715,0.0108,50.1878,49.3482,188810.375,16.7429,53492.0625,-0.0259,188838.8125,17.2245,0.999,-0.8164,0.9529,1.4031,1.7224,9.6989,12.6882,12.4798,1.0026,1.0068,1.0064,1.4729,1.6854,1.6561,,,,,,,
2026-05-19 19:22:31,105328.4453,40900.8672,33603.2383,31789.3516,-1336.239,284.8003,-4093.592,159.109,0.9925,-0.9947,0.9892,0.9932,104944.8438,40071.875,32839.7891,31703.3984,424.4197,426.707,423.7093,422.9479,245.0976,245.6363,245.9936,243.6738,142.6293,163.4297,136.9697,129.3446,50.0111,411507.5625,414022.9688,5946.2544,-28792.8848,0,0,0,0,0.9939,573.8283,0,0,29.7847,1.1565,1.4413,1.7213,10.2746,13.5998,12.999,0,0,0.999,0.999,0.999,0.999,1500.3049,843513856,0,0,0,0,246.1047,123.2586,3.6131,-2.5625,-2.5625,-0.2426,-0.2429,0.4732,-13.4619,5.9349,8.8856,0,0,432.2727,235.3525,250.703,219.3341,284.4715,0.0108,50.1878,49.3482,188810.375,16.7429,53492.0625,-0.0259,188838.8125,17.2245,0.999,-0.8164,1.2623,1.2167,1.2442,10.4166,13.3009,12.7344,1.0014,1.0062,1.0067,1.5025,1.7787,1.6145,,,,,,,
2026-05-19 19:24:52,84842.5703,33969.6719,27177.834,25010.8691,-3805.7937,561.0756,-467.0573,-1447.5254,0.9917,-0.9899,0.9857,0.9887,86228.8359,33540.207,27243.627,25288.5977,424.269,426.2096,423.5487,422.9368,244.9231,245.4765,245.5445,243.6187,119.0468,138.6392,114.3704,106.1887,49.9862,415337.5,417854.5625,5950.8882,-28885.3359,0,0,0,0,0.994,579.061,0,0,32.3228,0.946,1.1369,1.6106,10.7775,14.1634,14.7483,0,0,0.9982,-0.996,0.9983,0.998,1499.4884,852754432,0,0,0,0,242.2635,122.4597,2.5625,-2.5625,-2.5625,-0.2204,-0.2899,0.5058,-15.1571,5.1995,12.4405,0,0,432.2727,235.3525,250.703,219.3341,284.4715,0.0108,50.1878,49.3482,188810.375,16.7429,53492.0625,-0.0259,188838.8125,17.2245,0.999,-0.8164,1.2542,1.2022,1.682,12.249,16.3214,15.1978,1.0022,2.2132,1.0054,1.6227,2.0401,1.8636,,,,,,,
2026-05-19 19:27:14,101602.3125,38772.2578,32013.7988,30655.4648,-4376.2144,-1086.7159,-2136.8379,-728.8021,0.9958,0.9989,0.9942,0.9927,101968.1016,38670.332,32086.7598,30795.873,423.9686,426.3322,423.4729,422.1078,244.7197,245.1898,245.6354,243.2385,137.5708,157.3786,126.8873,125.9909,50.003,419178.75,421725.3438,5950.8882,-28993.6816,0,0,0,0,0.994,584.3951,0,0,30.3754,1.0505,1.3934,1.8097,9.9479,12.5428,12.492,0,0,0.999,0.999,0.9987,0.999,1500.5981,862060544,0,0,0,0,241.5932,121.6106,2.5625,-4.0927,-2.5625,-0.2437,-0.3917,0.6354,-15.1467,6.8152,8.602,0,0,432.2727,235.3525,250.703,219.3341,284.4715,0.0108,50.1878,49.3482,188810.375,16.7429,53492.0625,-0.0259,188838.8125,17.2245,0.999,-0.8164,1.0951,1.5841,1.6607,10.5987,12.8871,13.1798,1.0013,1.0045,1.0046,1.3671,1.5837,1.521,,,,,,,
2026-05-19 19:29:35,89680.5703,35720.3789,27505.7207,25654.8066,8402.5693,4071.3987,3455.9214,2200.1482,-0.9862,-0.9847,-0.9909,-0.9862,86905.8516,34109.2812,27315.9766,25464.3691,423.5834,425.7603,423.339,421.3973,244.546,244.9817,245.7411,242.8756,119.5381,143.3133,107.9682,105.8049,50.0003,422885.8438,425439.5,5980.3027,-29222.5645,0,0,0,0,0.9941,589.4752,0,0,37.501,1.3215,1.1886,1.959,8.4152,10.7892,12.3201,0,0,-0.9981,0.999,0.999,-0.9989,1499.6108,871301120,0,0,0,0,239.7357,119.9304,3.483,2.5625,4.9313,-0.4836,-0.0967,0.5802,-23.9684,9.249,13.9099,0,0,432.2727,235.3525,250.703,219.3341,284.4715,0.0108,50.1878,49.3482,188810.375,16.7429,53492.0625,-0.0259,188838.8125,17.2245,0.999,-0.8164,1.2694,1.2706,1.6085,9.2462,12.8191,13.7903,1.0018,1.0045,1.0047,1.2831,1.5286,1.6061,,,,,,,
2026-05-19 19:31:56,77292.9531,34591.5273,20104.9297,22789.9395,-5186.5625,-3411.6968,-5463.2012,2049.0916,0.9805,0.988,0.95,-0.9865,77985.7031,34947.9102,20760.4375,22717.2441,423.9974,426.4988,422.8231,422.856,244.9329,245.523,245.6901,243.7283,108.1882,143.3943,85.5805,94.9147,49.9542,425921.6562,428481.125,6167.938,-29256.2207,0,0,0,0,0.9941,593.6404,0,0,33.9418,1.5018,1.0505,1.7795,10.0471,17.3832,11.8772,0,0,0.9989,0.9972,0.9631,-0.9964,1498.4573,880541696,0,0,0,0,240.9652,122.2318,-4.5275,-11.9561,6.667,-0.2305,-0.325,0.5482,-33.2344,21.5827,11.8427,0,0,432.2727,235.3525,250.703,219.3341,284.4715,0.0108,50.1878,49.3482,188810.375,16.7429,53492.0625,-0.0259,188838.8125,17.2245,0.999,-0.8164,1.6072,1.4894,1.85,9.7857,18.5597,12.8542,1.0026,1.0038,1.0095,1.2413,2.0211,1.5614,,,,,,,
2026-05-19 19:34:17,73783.0,30289.6523,22095.4902,21307.1387,5014.686,2558.8584,244.0037,2563.5188,-0.9912,-0.993,-0.9913,-0.9871,73395.7031,30137.7246,22156.8555,21207.2754,423.5946,426.0924,424.0072,422.8484,244.8075,245.5025,245.4191,243.6809,100.2698,121.6104,91.8009,87.363,49.9645,428855.9688,431401.625,6301.9482,-29326.0391,0,0,0,0,0.9941,597.6486,0,0,34.8941,1.5415,1.3821,1.4861,9.741,13.0157,12.9921,0,0,-0.9974,-0.9926,0.999,-0.9988,1498.9673,889782272,0,0,0,0,243.075,121.1477,8.1853,2.5625,2.5625,-0.0591,-0.4216,0.6539,-22.674,7.0714,12.9864,0,0,432.2727,235.3525,250.703,219.3341,284.4715,0.0108,50.1878,49.3482,188810.375,16.7429,53492.0625,-0.0259,188838.8125,17.2245,0.999,-0.8164,1.3563,1.5776,1.8011,10.3339,11.8513,14.4538,2.2858,1.0024,1.0069,1.1754,1.0,1.1098,,,,,,,
2026-05-19 19:36:38,280036.9375,97619.3906,92920.7266,89946.4766,-10486.499,-1989.7411,-3328.9258,-4275.5073,0.9987,0.9989,0.9983,0.9985,279064.9375,97161.2969,92471.8984,89358.7266,423.2047,425.5291,422.4479,421.8454,244.3645,245.105,245.0669,243.0197,381.527,399.0534,377.9836,369.1169,49.9508,438335.75,440886.1875,6425.4121,-29464.6035,0,0,0,0,0.9942,610.8488,0,0,33.3702,1.1972,1.221,1.7009,0.0,0.0,6.7568,0,0,0.999,0.999,0.999,0.9985,1498.675,899022848,0,0,0,0,240.4075,119.1451,-2.5625,-2.5986,-3.566,-0.3273,-0.2194,0.5389,-4.3923,1.0339,3.3533,0,0,432.2727,235.3525,250.703,219.3341,407.2188,0.0108,50.1878,49.3482,285602.875,16.7429,53492.0625,-0.0259,285945.6875,17.2245,0.999,-0.8164,1.6823,1.1353,1.7905,0.0,0.0,5.2632,1.0019,1.0031,2.534,1.0355,1.0832,1.0416,,,,,,,
2026-05-19 19:38:59,313075.5938,108588.6406,103754.0469,100710.3203,-12348.7686,-2655.2734,-3190.9905,-3912.9688,0.999,0.999,0.999,0.9989,313710.75,108728.5234,103983.2812,101041.7344,423.3897,425.6358,422.499,421.8839,244.4264,245.2078,245.075,243.0438,427.7701,443.8796,423.9181,415.4203,49.935,449969.7812,452528.2188,6425.4121,-29893.9609,0,0,0,0,0.9943,626.903,0,0,31.7812,1.5059,1.7653,1.7316,0.0,0.0,7.0252,0,0,0.999,0.999,0.999,0.999,1498.0745,908263424,0,0,0,0,240.5356,122.2175,-2.5625,-2.5625,-3.1344,-0.3496,-0.2203,0.5566,-3.7337,0.8841,2.8496,0,0,432.2727,235.3525,250.703,219.3341,447.6823,0.0108,50.1878,49.3482,316071.9688,16.7429,53492.0625,-0.0259,316176.7188,17.2245,0.999,-0.8164,1.6092,1.1464,1.8423,0.0,0.0,6.9416,1.0036,1.0033,1.0075,1.0279,1.0,1.1252,,,,,,,
2026-05-19 19:41:21,310968.5312,108074.3359,103091.8984,99795.8359,-10539.7861,-2369.6187,-4206.4883,-5224.5303,0.9984,0.999,0.9983,0.9979,310916.9375,107995.3281,103094.1328,99788.2031,423.4503,425.7461,422.5083,422.1724,244.4797,245.2302,245.0372,243.1857,423.8225,440.1151,420.7184,410.6599,49.9348,462158.7812,464811.3125,6425.4121,-30334.8066,0,0,0,0,0.9945,643.5539,0,0,33.7314,1.4055,1.3352,1.8537,200.5021,0.0,6.9416,0,0,0.999,0.999,0.999,0.999,1497.8621,917569536,0,0,0,0,241.4761,121.3475,-2.5625,-2.5625,-3.0525,-0.304,-0.2747,0.5787,-3.8771,0.7369,2.9927,0,0,432.2727,235.3525,250.703,219.3341,447.6823,0.0108,50.1878,49.3482,316071.9688,16.7429,53492.0625,-0.0259,316176.7188,17.2245,0.999,-0.8164,1.5149,1.1817,1.7239,4.849,0.0,6.1728,1.002,1.0066,1.0073,1.0,1.0,1.0599,,,,,,,
2026-05-19 19:43:42,287532.8438,100396.6094,95550.2422,92182.2266,-19626.0566,-5339.231,-6294.6216,-6994.5947,0.9969,0.9978,0.9926,0.9948,288808.0938,100551.6094,95275.4141,92939.1172,423.349,425.6216,422.6027,421.7913,244.3853,245.0758,244.9969,242.9407,394.3554,410.8164,390.3676,381.9818,49.908,473607.4688,476276.125,6425.4121,-31035.8379,0,0,0,0,0.9946,659.1902,0,0,36.1982,1.46,1.1432,2.0449,3.6585,0.0,6.4103,0,0,0.9976,0.9987,0.9975,0.9959,1497.4172,926810112,0,0,0,0,241.5033,121.8605,-3.5283,-3.951,-4.6809,-0.3159,-0.3015,0.6031,-4.1738,0.954,3.1937,0,0,432.2727,235.3525,250.703,219.3341,447.6823,0.0108,50.1878,49.3482,316071.9688,16.7429,53492.0625,-0.0259,316176.7188,17.2245,0.999,-0.8164,1.2313,1.3176,2.0389,0.0,0.0,7.6723,1.0037,1.8971,1.0056,1.0,1.0,1.1407,,,,,,,
2026-05-19 19:46:03,285886.5938,99744.2734,94891.8281,91249.6094,-20837.832,-5283.7046,-6937.4072,-8092.4785,0.9971,0.9986,0.999,0.9975,287505.9375,100352.3828,95508.9531,91712.6875,423.1678,425.1992,421.9791,422.0632,244.1846,244.9456,244.9022,242.7965,392.1381,409.9339,389.5387,378.9358,49.8882,484862.4062,487557.375,6425.4121,-31811.7637,0,0,0,0,0.9946,674.6014,0,0,34.3055,1.7018,1.0637,1.9405,3.6585,4.0,5.5824,0,0,0.9972,0.9982,0.9977,0.9956,1496.8369,936050688,0,0,0,0,241.7766,121.0328,-3.5338,-4.142,-5.4594,-0.2344,-0.2195,0.4604,-4.2696,0.8026,3.467,0,0,432.2727,235.3525,250.703,219.3341,447.6823,0.0108,50.1878,49.3482,316071.9688,16.7429,53492.0625,-0.0259,316176.7188,17.2245,0.999,-0.8164,1.5492,1.185,1.6868,5.2707,0.0,5.0633,1.0021,1.0024,1.0056,1.0,1.0,1.1302,,,,,,,
2026-05-19 19:48:24,284270.6875,97135.4297,95059.5391,92036.8828,-20266.7598,-4524.0127,-6565.0142,-7688.4565,0.9975,0.998,0.999,0.9986,285536.75,97262.9453,95648.9141,91989.8047,423.5069,425.6651,422.6265,422.0486,244.4946,245.1926,245.2913,243.1013,388.8812,397.0684,389.6189,380.4302,49.889,496061.0938,498781.9062,6425.4121,-32577.7812,0,0,0,0,0.9947,689.9204,0,0,0.0,1.8038,1.2594,1.9612,5.3704,0.0,6.4935,0,0,0.9974,0.9983,0.9975,0.9965,1496.9584,945291264,0,0,0,0,241.078,121.0104,-3.0896,-3.9708,-4.6367,-0.2763,-0.3115,0.5668,-2.0859,-0.1508,2.2125,0,0,432.2727,235.3525,250.703,219.3341,447.6823,0.0108,50.1878,49.3482,316071.9688,16.7429,53492.0625,-0.0259,316176.7188,17.2245,0.999,-0.8164,1.4732,1.4963,1.8682,3.8462,0.0,7.4592,1.002,1.006,1.01,1.0,1.0,1.0646,,,,,,,
2026-05-19 19:50:45,283719.4688,96988.1094,95362.9922,91319.25,-21136.4414,-5337.5933,-7156.4937,-7859.5029,0.9983,0.9984,0.9988,0.9969,284917.5312,97211.0156,95296.4531,92066.9141,423.5879,426.007,422.7795,421.9228,244.5887,245.2881,245.4851,243.0165,388.2188,396.2357,389.7114,378.7815,49.8837,507259.625,509927.4062,6425.4121,-33340.4805,0,0,0,0,0.9948,705.1302,0,0,0.0,1.4139,1.1198,1.7289,3.8462,0.0,5.0633,0,0,0.9976,0.9986,0.9977,0.9962,1496.2965,954531840,0,0,0,0,242.2825,121.5878,-3.0535,-3.8107,-4.9635,-0.3194,-0.3236,0.6248,-2.0455,-0.3969,2.4229,0,0,432.2727,235.3525,250.703,219.3341,447.6823,0.0108,50.1878,49.3482,316071.9688,16.7429,53492.0625,-0.0259,316176.7188,17.2245,0.999,-0.8164,1.8137,1.1111,1.8132,5.0,0.0,5.5824,1.0071,1.0059,1.007,1.0,1.0,1.1336,,,,,,,
2026-05-19 19:53:07,283846.7812,96908.5469,95272.8125,91699.7969,-20195.1875,-4965.7397,-7169.1509,-7664.9336,0.9984,0.9982,0.9987,0.994,284768.0,97007.4375,95237.6328,92108.0234,423.7671,426.3875,423.0804,421.8238,244.6771,245.3611,245.6978,242.9709,388.0221,395.3335,389.2088,379.5227,49.8876,518379.5312,521152.25,6425.4121,-34097.9414,0,0,0,0,0.9948,720.439,0,0,0.0,1.6452,1.2559,1.9266,5.3704,0.0,7.6207,0,0,0.9974,0.9984,0.997,0.9964,1496.6033,963837952,0,0,0,0,241.6961,121.5413,-2.6406,-3.9348,-4.623,-0.3204,-0.3193,0.6397,-1.8857,-0.2647,2.137,0,0,432.2727,235.3525,250.703,219.3341,447.6823,0.0108,50.1878,49.3482,316071.9688,16.7429,53492.0625,-0.0259,316176.7188,17.2245,0.999,-0.8164,1.7214,1.3216,1.7513,3.8462,0.0,5.0633,1.0029,1.0032,1.0065,1.0,1.0,1.0663,,,,,,,
2026-05-19 19:55:28,285280.8438,97440.5078,95164.3672,92299.4297,-19388.8848,-4572.4946,-7241.8545,-7998.8813,0.9947,0.999,0.9952,0.9928,285756.9688,97763.7969,95458.1562,92556.8047,424.6359,426.6535,423.6358,423.4037,245.1192,245.8916,245.6479,243.7518,388.6987,397.0301,389.7537,379.3546,49.9084,529601.4375,532320.9375,6425.4121,-34860.0117,0,0,0,0,0.9949,735.6571,0,0,0.0,1.4725,1.3292,1.8028,3.8462,4.0,6.4935,0,0,0.9979,0.9987,0.9976,0.9955,1497.1976,973078528,0,0,0,0,241.7526,121.2135,-3.1118,-3.6921,-4.8012,-0.3516,-0.2217,0.5664,-2.0935,-0.2368,2.3118,0,0,432.2727,235.3525,250.703,219.3341,447.6823,0.0108,50.1878,49.3482,316071.9688,16.7429,53492.0625,-0.0259,316176.7188,17.2245,0.999,-0.8164,1.3381,1.1432,1.7897,5.405,0.0,7.5727,1.0051,1.004,1.0048,1.0,1.0,1.1444,,,,,,,
2026-05-19 19:57:49,284781.25,96781.7969,95495.3359,92520.8047,-18839.7773,-5175.0039,-6813.4302,-7356.6035,0.9966,0.999,0.993,0.9976,285654.2188,97473.4688,95774.1875,92826.1719,424.6572,426.8884,423.8524,423.1223,245.1437,245.931,245.8075,243.6633,388.2671,396.2556,389.2347,379.3551,49.9141,540754.1875,543500.0625,6425.4121,-35624.7227,0,0,0,0,0.9949,750.8691,0,0,0.0,1.34,1.0923,1.7252,3.7975,0.0,6.3291,0,0,0.9979,0.9983,0.9977,0.9963,1497.6946,982319104,0,0,0,0,239.5775,120.2036,-2.6654,-3.942,-4.3415,-0.3128,-0.2594,0.5652,-1.8958,-0.2227,2.1216,0,0,432.2727,235.3525,250.703,219.3341,447.6823,0.0108,50.1878,49.3482,316071.9688,16.7429,53492.0625,-0.0259,316176.7188,17.2245,0.999,-0.8164,1.4622,1.4751,1.7038,3.7037,0.0,5.0633,1.0014,1.0067,1.0067,1.0,1.0,1.0663,,,,,,,
2026-05-19 20:00:10,284646.2812,97565.8906,95257.4922,92328.4062,-18552.0527,-4423.1782,-6363.9346,-7545.481,0.9967,0.998,0.995,0.9924,285425.9688,97672.3672,95636.2109,92149.3672,425.1393,427.5181,424.1262,423.849,245.5027,246.3192,246.1114,243.9772,388.4641,396.7109,389.6529,378.919,49.9528,551930.4375,554701.875,6425.4121,-36381.2227,0,0,0,0,0.995,766.104,0,0,0.0,1.5834,1.0278,1.4921,5.337,5.6569,5.2632,0,0,0.9981,0.999,0.9977,0.9957,1498.8995,991559680,0,0,0,0,243.3079,121.2172,-2.5625,-3.3858,-5.3729,-0.3213,-0.261,0.5831,-2.3063,-0.3562,2.6577,0,0,432.2727,235.3525,250.703,219.3341,447.6823,0.0108,50.1878,49.3482,316071.9688,16.7429,53492.0625,-0.0259,316176.7188,17.2245,0.999,-0.8164,1.1221,1.2594,1.7423,3.7037,4.0541,5.3704,1.0015,1.0047,1.0056,1.0,1.0,1.0681,,,,,,,
2026-05-19 20:02:32,285200.4688,97214.6484,95670.4531,91876.6094,-18888.7305,-3514.6462,-6845.3511,-8342.2334,0.9971,0.9972,0.999,0.9951,285600.25,97758.8672,96163.6875,92435.3281,425.3311,427.5513,424.4374,423.8115,245.5039,246.1948,246.124,243.9866,388.9109,398.0517,388.0122,379.9637,49.9896,563094.0625,565891.5,6425.4121,-37144.0117,0,0,0,0,0.9951,781.43,0,0,0.0,1.1165,1.2577,1.6643,3.7037,0.0,5.3333,0,0,0.9979,0.999,0.997,0.9953,1499.6036,1000800256,0,0,0,0,244.7767,118.5373,-2.5625,-4.6814,-3.4377,-0.3093,-0.3157,0.6348,-2.0132,0.1884,1.8248,0,0,432.2727,235.3525,250.703,219.3341,447.6823,0.0108,50.1878,49.3482,316071.9688,16.7429,53492.0625,-0.0259,316176.7188,17.2245,0.999,-0.8164,0.9395,1.263,1.4626,3.6585,4.2254,6.3291,1.0019,1.0024,1.0065,1.0329,1.161,1.063,,,,,,,
2026-05-19 20:04:53,286514.3438,98508.2656,96050.2812,92515.9688,-17936.3789,-2938.6013,-6338.3545,-7734.332,0.9949,0.9949,0.9958,0.9941,286671.375,97549.5234,96321.7344,93220.5859,426.4701,428.5384,425.6997,425.1096,246.1988,246.8101,246.7491,244.8773,385.2586,392.1531,385.8928,377.5555,49.9976,574302.25,577125.5625,6425.4121,-37902.125,0,0,0,0,0.9951,796.6728,0,0,0.0,1.1318,0.9317,1.548,0.0,0.0,6.3291,0,0,0.9974,0.9988,0.9983,0.9942,1499.9808,1010040832,0,0,0,0,247.505,121.4633,-3.5155,-4.0461,-4.0741,-0.2994,-0.2364,0.5507,-1.8887,-0.5726,2.4614,0,0,432.2727,235.3525,250.703,219.3341,447.6823,0.0108,50.1878,49.3482,316071.9688,16.7429,53492.0625,-0.0259,316176.7188,17.2245,0.999,-0.8164,1.034,1.4565,1.4409,0.0,0.0,3.9474,1.0019,1.0046,1.0022,1.0,1.0,1.0663,,,,,,,
2026-05-19 20:07:14,283125.8125,96467.5938,95052.3125,91649.0078,-21413.6855,-5386.1841,-5982.8774,-8525.5654,0.9956,0.9959,0.9973,0.9927,282861.875,96127.9062,95141.0625,92042.4844,425.8893,428.2075,425.044,424.2934,245.8686,246.6051,246.6024,244.4731,383.8433,387.8786,385.1536,376.9579,50.0206,585360.4375,588288.875,6425.4121,-38667.8789,0,0,0,0,0.9952,811.7133,0,0,0.0,0.8392,1.2882,1.5135,3.7975,0.0,5.3333,0,0,0.9975,0.9987,0.9969,0.9955,1500.5958,1019346944,0,0,0,0,236.6543,120.5114,-3.63,-3.1558,-5.4178,-0.3198,-0.3401,0.6599,-1.0931,-0.699,1.6772,0,0,432.2727,235.3525,250.703,219.3341,447.6823,0.0108,50.1878,49.3482,316071.9688,16.7429,53492.0625,-0.0259,316176.7188,17.2245,0.999,-0.8164,0.9942,1.2918,1.4302,0.0,0.0,5.2632,1.0013,1.004,1.0077,1.0,1.2023,1.1444,,,,,,,
2026-05-19 20:09:35,280530.2812,95182.5469,94335.5938,91433.3125,4649.312,166.9092,1719.3118,1371.0941,0.999,0.999,0.999,-0.9988,282912.8438,96388.8906,94930.4062,92110.8516,425.1366,428.0509,424.4116,422.9648,245.4135,245.921,246.3119,244.0193,382.9442,385.0818,385.024,376.2285,50.0171,596411.125,599357.75,6475.5703,-39183.4297,0,0,0,0,0.9952,826.746,0,0,0.0,1.1529,0.9448,1.6266,0.0,0.0,3.8961,0,0,0.999,-0.9983,0.999,0.999,1500.483,1028587520,0,0,0,0,239.1961,117.4734,2.5625,2.5625,-2.5625,-0.2695,-0.1827,0.4522,-2.3077,-0.2531,1.9833,0,0,432.2727,235.3525,250.703,219.3341,447.6823,0.0108,50.1878,49.3482,316071.9688,16.7429,53492.0625,-0.0259,316176.7188,17.2245,0.999,-0.8164,0.992,1.1936,1.86,0.0,0.0,7.6723,1.0019,1.0055,1.8899,1.0,1.0,1.0663,,,,,,,
2026-05-19 20:11:56,281939.375,95446.2578,94828.4297,91681.7188,4345.7056,1253.6663,639.0826,1991.0403,-0.9989,0.999,0.999,0.999,283198.0312,96013.4922,94980.8516,92201.9219,425.5518,427.8372,425.084,423.2877,245.6299,245.9646,246.7815,244.3351,384.1661,391.896,385.0407,373.8777,50.0023,607446.125,610394.125,6640.0083,-39184.0781,0,0,0,0,0.9953,841.7454,0,0,0.0,1.2068,1.3409,1.6324,3.8462,0.0,5.2632,0,0,0.999,0.999,0.999,0.999,1500.2499,1037828096,0,0,0,0,245.6466,123.7155,2.5625,2.5625,2.5625,-0.1843,-0.4287,0.5962,-2.0657,-0.1536,2.6102,0,0,432.2727,235.3525,250.703,219.3341,447.6823,0.0108,50.1878,49.3482,316071.9688,16.7429,53492.0625,-0.0259,316176.7188,17.2245,0.999,-0.8164,1.1018,1.2724,1.5827,3.8462,0.0,3.9474,1.0019,1.004,1.0062,1.0,1.0,1.0364,,,,,,,
2026-05-19 20:14:17,281506.7812,96271.4375,94592.4688,92045.1953,6412.1899,1841.2137,2686.0859,-1451.3601,-0.9987,-0.9989,-0.9981,-0.9958,282112.0938,95364.3125,94315.0078,90900.5547,425.5388,427.7941,424.6795,424.1725,245.6054,246.5393,246.4921,243.9785,384.0429,388.9,386.5132,375.1395,50.0201,618587.3125,621459.0625,6813.8477,-39184.6211,0,0,0,0,0.9954,856.7812,0,0,0.0,1.0864,1.3087,1.7131,0.0,0.0,5.5099,0,0,0.999,0.999,0.999,0.999,1501.0305,1047068672,0,0,0,0,243.1463,120.2053,2.5625,2.5625,2.5625,-0.4103,-0.4399,0.8234,-1.5015,-0.1378,1.944,0,0,432.2727,235.3525,250.703,219.3341,447.6823,0.0108,50.1878,49.3482,316071.9688,16.7429,53492.0625,-0.0259,316176.7188,17.2245,0.999,-0.8164,1.1751,1.5706,1.461,3.8961,0.0,3.8961,1.002,1.0039,1.0046,1.0,1.0,1.0364,,,,,,,
2026-05-19 20:16:39,280770.9688,95603.7891,94469.1562,91153.4766,2504.2004,184.7536,2346.5273,-1980.2882,0.999,-0.9957,0.999,-0.9983,281996.7188,95249.6094,94975.4141,91034.1328,424.9184,426.5249,424.6817,421.697,245.1246,246.03,246.3958,243.0211,383.1158,388.2338,385.1443,372.1935,49.9871,629607.1875,632480.3125,6976.4072,-39184.7461,0,0,0,0,0.9955,871.7673,0,0,0.0,0.9394,1.2036,1.8675,0.0,0.0,6.7568,0,0,0.999,-0.9978,0.999,0.999,1499.5824,1056309248,0,0,0,0,237.4145,119.3368,2.5625,-2.5625,-2.5625,-0.3675,-0.3165,0.6625,-1.1275,-0.3803,2.5127,0,0,432.2727,235.3525,250.703,219.3341,447.6823,0.0108,50.1878,49.3482,316071.9688,16.7429,53492.0625,-0.0259,316176.7188,17.2245,0.999,-0.8164,1.2494,1.15,1.5547,0.0,0.0,3.9474,1.0019,1.0059,1.0046,1.0,1.0,1.0663,,,,,,,
2026-05-19 20:19:00,282995.7188,95715.6953,94906.1797,92320.7812,3738.0789,2782.9783,754.2009,-1555.0951,0.999,0.999,0.999,0.999,281773.2812,95261.4375,94578.0781,91496.0625,425.7316,427.9544,424.7635,424.4687,245.7998,246.5224,246.5426,244.4255,382.6455,387.4175,383.7335,374.1652,50.0384,640635.25,643510.0,7145.624,-39185.0273,0,0,0,0,0.9955,886.7582,0,0,0.0,1.1975,1.5183,1.8735,0.0,0.0,5.1948,0,0,0.999,0.999,0.999,0.999,1500.9944,1065549824,0,0,0,0,241.5725,121.0783,2.7321,-2.5625,2.5625,-0.3428,-0.2302,0.551,-1.0711,-0.702,1.5055,0,0,432.2727,235.3525,250.703,219.3341,447.6823,0.0108,50.1878,49.3482,316071.9688,16.7429,53492.0625,-0.0259,316176.7188,17.2245,0.999,-0.8164,1.0711,1.2645,1.5597,0.0,5.8523,3.9474,1.0019,1.0079,1.0063,1.0,1.1426,1.0373,,,,,,,
2026-05-19 20:21:21,278520.4375,94621.5938,93718.9531,90549.1797,2580.2463,3243.9871,1839.4119,-396.2788,0.999,0.999,0.999,-0.9939,280778.9375,95156.3516,93729.0156,91395.3359,425.3213,427.1544,424.3292,424.5258,245.6276,246.4399,245.9078,244.5835,380.4806,386.9443,383.256,373.1561,50.034,651598.3125,654474.4375,7304.4653,-39185.0273,0,0,0,0,0.9956,901.6589,0,0,0.0,1.1599,1.2436,1.6819,5.5099,0.0,6.5789,0,0,0.999,0.999,0.999,0.999,1500.7152,1074790400,0,0,0,0,240.5557,120.877,3.1655,2.5625,2.5625,-0.2712,-0.2073,0.4867,-0.7897,-0.9287,2.1492,0,0,432.2727,235.3525,250.703,219.3341,447.6823,0.0108,50.1878,49.3482,316071.9688,16.7429,53492.0625,-0.0259,316176.7188,17.2245,0.999,-0.8164,1.1323,1.1475,1.5735,0.0,0.0,6.4935,1.0024,1.004,1.0058,1.0,1.2154,1.0646,,,,,,,
2026-05-19 20:23:42,281296.0625,95285.7891,94184.0547,91525.1719,7800.0425,4891.6885,2473.635,-1522.4554,-0.9965,0.999,-0.9957,0.9954,280078.5625,94398.2344,94656.6719,91367.7734,425.7503,427.9688,425.1263,424.1544,245.6728,246.4338,246.3601,244.0747,381.3829,381.3958,384.3552,374.763,50.0014,662558.625,665514.6875,7481.9453,-39185.207,0,0,0,0,0.9957,916.6709,0,0,0.0,1.2754,1.2805,1.6572,0.0,4.0541,5.1948,0,0,0.999,0.999,0.999,0.999,1500.0831,1084096512,0,0,0,0,236.9256,116.1474,2.5625,2.5625,2.5625,-0.0732,-0.3565,0.4537,-1.7123,-0.4111,1.6076,0,0,432.2727,235.3525,250.703,219.3341,447.6823,0.0108,50.1878,49.3482,316071.9688,16.7429,53492.0625,-0.0259,316176.7188,17.2245,0.999,-0.8164,1.1485,1.0592,1.5089,0.0,4.2254,8.6282,1.0034,1.0052,1.0063,1.0,1.1349,1.0663,,,,,,,
2026-05-19 20:26:03,280559.0,94790.2891,94402.9062,91324.1406,3898.5061,4095.7954,365.2512,-2330.8274,0.999,-0.999,0.999,0.999,281342.3125,95000.7812,94892.4688,91470.7266,426.5757,428.5623,425.3055,425.5442,246.1648,247.2769,246.6579,244.4643,380.4702,385.5878,382.5777,371.1307,50.035,673547.8125,676505.3125,7661.1172,-39185.207,0,0,0,0,0.9957,931.5912,0,0,0.0,1.3941,1.344,1.835,0.0,0.0,6.5789,0,0,0.999,0.999,0.999,0.999,1501.0931,1093337088,0,0,0,0,242.9144,121.5507,2.5625,2.5625,2.5625,-0.3067,-0.3229,0.615,-1.1239,-0.7244,2.3156,0,0,432.2727,235.3525,250.703,219.3341,447.6823,0.0108,50.1878,49.3482,316071.9688,16.7429,53492.0625,-0.0259,316176.7188,17.2245,0.999,-0.8164,1.3463,1.6858,2.0317,0.0,0.0,6.5789,1.0031,1.0061,1.0074,1.0,1.0,1.0681,,,,,,,
2026-05-19 20:28:25,280597.625,95094.6797,94004.0391,91575.3672,3542.0823,3810.6672,1385.9059,-124.1486,0.999,-0.9989,0.999,0.9952,281816.1562,95686.9062,94953.6641,91242.8125,426.4655,428.7451,425.3912,423.522,246.0966,246.8756,246.8869,244.6426,382.424,385.1722,383.775,376.0506,50.0298,684634.8125,687516.0625,7838.1074,-39185.207,0,0,0,0,0.9958,946.5262,0,0,0.0,1.4025,1.3349,1.8114,0.0,0.0,5.1948,0,0,0.999,0.999,0.999,0.999,1500.8762,1102577664,0,0,0,0,241.5796,121.132,2.5625,2.5625,2.5625,-0.1853,-0.313,0.5041,-1.0929,-0.5435,1.9202,0,0,432.2727,235.3525,250.703,219.3341,447.6823,0.0108,50.1878,49.3482,316071.9688,16.7429,53492.0625,-0.0259,316176.7188,17.2245,0.999,-0.8164,1.2898,1.5007,1.5747,0.0,0.0,6.5789,1.0045,1.0051,1.0078,1.1213,1.0,1.1407,,,,,,,
2026-05-19 20:30:46,280488.0938,95144.7266,94793.5469,90604.9609,2212.2007,-229.9052,2174.063,3216.5588,-0.9961,-0.9952,0.9983,-0.9951,280586.5312,95326.5938,94483.9766,90466.6875,426.6053,428.971,426.402,424.8369,246.3918,246.8965,247.2975,245.0356,379.9286,383.1411,384.4292,374.9367,50.0048,695742.0,698625.0625,8018.0938,-39185.7344,0,0,0,0,0.9959,961.5778,0,0,0.0,1.1276,1.318,1.4123,0.0,4.1096,6.6667,0,0,0.999,-0.9987,0.999,0.999,1499.9647,1111883776,0,0,0,0,243.6077,119.8691,2.5625,2.5625,2.5625,-0.3001,-0.283,0.5803,-1.8726,-1.1952,2.0866,0,0,432.2727,235.3525,250.703,219.3341,447.6823,0.0108,50.1878,49.3482,316071.9688,16.7429,53492.0625,-0.0259,316176.7188,17.2245,0.999,-0.8164,1.3374,1.0918,1.8757,3.8961,4.0541,3.8961,1.0019,1.0018,1.0047,1.0,1.0,1.0394,,,,,,,
2026-05-19 20:33:08,281740.5938,95495.4219,94892.75,91338.6875,7167.5122,1745.5222,660.6357,615.9612,-0.9982,0.999,-0.9979,-0.9972,280748.25,94294.1172,94135.4688,91688.4766,426.245,428.7112,425.2757,424.6323,245.92,246.5415,246.8166,244.4113,381.5986,387.8012,386.0707,373.9287,50.0089,706826.6875,709711.125,8191.334,-39185.7344,0,0,0,0,0.9959,976.6099,0,0,0.0,1.01,1.4993,1.4794,3.8961,4.2254,5.5113,0,0,0.999,0.999,0.999,0.999,1500.4744,1121189888,0,0,0,0,239.1924,122.9885,2.5625,2.5625,-2.5625,-0.2927,-0.2615,0.5495,-1.4486,-0.4286,1.3296,0,0,432.2727,235.3525,250.703,219.3341,447.6823,0.0108,50.1878,49.3482,316071.9688,16.7429,53492.0625,-0.0259,316176.7188,17.2245,0.999,-0.8164,0.9488,1.2323,1.9589,3.8961,4.0541,5.2632,1.0025,1.0024,1.0064,1.1245,1.0,1.0364,,,,,,,
2026-05-19 20:35:30,281195.1562,95240.5859,94943.4922,91035.4297,6777.7017,5965.8203,176.7735,1205.6223,-0.9958,0.999,0.999,0.999,280330.9375,94990.3594,94622.8047,90797.2344,426.4933,428.6959,425.3212,425.2768,246.1561,246.8159,246.9073,244.5709,380.2786,386.0449,383.5674,372.6931,50.0233,717836.5625,720722.75,8373.0098,-39185.7344,0,0,0,0,0.996,991.5458,0,0,0.0,1.521,1.5385,1.6384,0.0,4.0541,3.8961,0,0,0.999,0.999,0.999,0.999,1500.7334,1130430464,0,0,0,0,238.4455,121.8105,2.5625,-2.5625,2.5625,-0.3669,-0.3092,0.6541,-1.5621,-0.5301,2.3567,0,0,432.2727,235.3525,250.703,219.3341,447.6823,0.0108,50.1878,49.3482,316071.9688,16.7429,53492.0625,-0.0259,316176.7188,17.2245,0.999,-0.8164,1.068,1.6283,1.7918,108.7134,0.0,6.5789,1.0018,1.004,1.0073,1.0,1.0,1.1407,,,,,,,
2026-05-19 20:37:51,282225.7812,95616.375,95234.5469,91219.75,4399.9238,2427.48,2715.5549,-2344.6536,-0.9981,-0.998,0.9955,0.999,282006.625,95666.4922,94473.75,91950.6797,426.7439,428.9681,425.8947,423.3992,246.229,246.7179,247.1899,244.7052,380.649,383.4211,386.0849,376.1138,49.9945,728837.0,731803.3125,8550.4785,-39186.1094,0,0,0,0,0.9961,1006.5765,0,0,0.0,1.533,1.5023,1.9051,0.0,4.0541,5.1948,0,0,0.999,-0.9972,0.999,0.999,1499.9364,1139736576,0,0,0,0,236.4831,118.9354,2.5625,2.5625,2.5625,-0.2141,-0.523,0.7307,-0.4708,-1.1997,1.6864,0,0,432.2727,235.3525,250.703,219.3341,447.6823,0.0108,50.1878,49.3482,316071.9688,16.7429,53492.0625,-0.0259,316176.7188,17.2245,0.999,-0.8164,1.5461,1.5593,1.8503,0.0,4.0541,5.1948,1.9452,1.0046,1.0074,1.0,1.0,1.0663,,,,,,,
